flight_id,x,y,z,timestamp
A,0.0,0.0,0.0,2024-04-12 10:00:00
A,1.0,1.0,0.5,2024-04-12 10:00:10
A,2.0,2.0,1.0,2024-04-12 10:00:20
A,3.0,3.0,1.5,2024-04-12 10:00:30
A,4.0,4.0,2.0,2024-04-12 10:00:40
A,5.0,5.0,2.5,2024-04-12 10:00:50
A,6.0,6.0,3.0,2024-04-12 10:01:00
A,7.0,7.0,3.5,2024-04-12 10:01:10
A,8.0,8.0,4.0,2024-04-12 10:01:20
A,9.0,9.0,4.5,2024-04-12 10:01:30
A,10.0,10.0,5.0,2024-04-12 10:01:40
A,11.0,11.0,5.5,2024-04-12 10:01:50
A,12.0,12.0,6.0,2024-04-12 10:02:00
A,13.0,13.0,6.5,2024-04-12 10:02:10
A,14.0,14.0,7.0,2024-04-12 10:02:20
A,15.0,15.0,7.5,2024-04-12 10:02:30
A,16.0,16.0,8.0,2024-04-12 10:02:40
A,17.0,17.0,8.5,2024-04-12 10:02:50
A,18.0,18.0,9.0,2024-04-12 10:03:00
A,19.0,19.0,9.5,2024-04-12 10:03:10
A,20.0,20.0,10.0,2024-04-12 10:03:20
A,21.0,21.0,10.5,2024-04-12 10:03:30
A,22.0,22.0,11.0,2024-04-12 10:03:40
A,23.0,23.0,11.5,2024-04-12 10:03:50
A,24.0,24.0,12.0,2024-04-12 10:04:00
A,25.0,25.0,12.5,2024-04-12 10:04:10
A,26.0,26.0,13.0,2024-04-12 10:04:20
A,27.0,27.0,13.5,2024-04-12 10:04:30
A,28.0,28.0,14.0,2024-04-12 10:04:40
A,29.0,29.0,14.5,2024-04-12 10:04:50
A,30.0,30.0,15.0,2024-04-12 10:05:00
A,31.0,31.0,15.5,2024-04-12 10:05:10
A,32.0,32.0,16.0,2024-04-12 10:05:20
A,33.0,33.0,16.5,2024-04-12 10:05:30
A,34.0,34.0,17.0,2024-04-12 10:05:40
A,35.0,35.0,17.5,2024-04-12 10:05:50
A,36.0,36.0,18.0,2024-04-12 10:06:00
A,37.0,37.0,18.5,2024-04-12 10:06:10
A,38.0,38.0,19.0,2024-04-12 10:06:20
A,39.0,39.0,19.5,2024-04-12 10:06:30
A,40.0,40.0,20.0,2024-04-12 10:06:40
A,41.0,41.0,20.5,2024-04-12 10:06:50
A,42.0,42.0,21.0,2024-04-12 10:07:00
A,43.0,43.0,21.5,2024-04-12 10:07:10
A,44.0,44.0,22.0,2024-04-12 10:07:20
A,45.0,45.0,22.5,2024-04-12 10:07:30
A,46.0,46.0,23.0,2024-04-12 10:07:40
A,47.0,47.0,23.5,2024-04-12 10:07:50
A,48.0,48.0,24.0,2024-04-12 10:08:00
A,49.0,49.0,24.5,2024-04-12 10:08:10
A,50.0,50.0,25.0,2024-04-12 10:08:20
A,51.0,51.0,25.5,2024-04-12 10:08:30
A,52.0,52.0,26.0,2024-04-12 10:08:40
A,53.0,53.0,26.5,2024-04-12 10:08:50
A,54.0,54.0,27.0,2024-04-12 10:09:00
A,55.0,55.0,27.5,2024-04-12 10:09:10
A,56.0,56.0,28.0,2024-04-12 10:09:20
A,57.0,57.0,28.5,2024-04-12 10:09:30
A,58.0,58.0,29.0,2024-04-12 10:09:40
A,59.0,59.0,29.5,2024-04-12 10:09:50
A,60.0,60.0,30.0,2024-04-12 10:10:00
A,61.0,61.0,30.5,2024-04-12 10:10:10
A,62.0,62.0,31.0,2024-04-12 10:10:20
A,63.0,63.0,31.5,2024-04-12 10:10:30
A,64.0,64.0,32.0,2024-04-12 10:10:40
A,65.0,65.0,32.5,2024-04-12 10:10:50
A,66.0,66.0,33.0,2024-04-12 10:11:00
A,67.0,67.0,33.5,2024-04-12 10:11:10
A,68.0,68.0,34.0,2024-04-12 10:11:20
A,69.0,69.0,34.5,2024-04-12 10:11:30
A,70.0,70.0,35.0,2024-04-12 10:11:40
A,71.0,71.0,35.5,2024-04-12 10:11:50
A,72.0,72.0,36.0,2024-04-12 10:12:00
A,73.0,73.0,36.5,2024-04-12 10:12:10
A,74.0,74.0,37.0,2024-04-12 10:12:20
A,75.0,75.0,37.5,2024-04-12 10:12:30
A,76.0,76.0,38.0,2024-04-12 10:12:40
A,77.0,77.0,38.5,2024-04-12 10:12:50
A,78.0,78.0,39.0,2024-04-12 10:13:00
A,79.0,79.0,39.5,2024-04-12 10:13:10
A,80.0,80.0,40.0,2024-04-12 10:13:20
A,81.0,81.0,40.5,2024-04-12 10:13:30
A,82.0,82.0,41.0,2024-04-12 10:13:40
A,83.0,83.0,41.5,2024-04-12 10:13:50
A,84.0,84.0,42.0,2024-04-12 10:14:00
A,85.0,85.0,42.5,2024-04-12 10:14:10
A,86.0,86.0,43.0,2024-04-12 10:14:20
A,87.0,87.0,43.5,2024-04-12 10:14:30
A,88.0,88.0,44.0,2024-04-12 10:14:40
A,89.0,89.0,44.5,2024-04-12 10:14:50
A,90.0,90.0,45.0,2024-04-12 10:15:00
A,91.0,91.0,45.5,2024-04-12 10:15:10
A,92.0,92.0,46.0,2024-04-12 10:15:20
A,93.0,93.0,46.5,2024-04-12 10:15:30
A,94.0,94.0,47.0,2024-04-12 10:15:40
A,95.0,95.0,47.5,2024-04-12 10:15:50
A,96.0,96.0,48.0,2024-04-12 10:16:00
A,97.0,97.0,48.5,2024-04-12 10:16:10
A,98.0,98.0,49.0,2024-04-12 10:16:20
A,99.0,99.0,49.5,2024-04-12 10:16:30
A,100.0,100.0,50.0,2024-04-12 10:16:40
A,101.0,101.0,50.5,2024-04-12 10:16:50
A,102.0,102.0,51.0,2024-04-12 10:17:00
A,103.0,103.0,51.5,2024-04-12 10:17:10
A,104.0,104.0,52.0,2024-04-12 10:17:20
A,105.0,105.0,52.5,2024-04-12 10:17:30
A,106.0,106.0,53.0,2024-04-12 10:17:40
A,107.0,107.0,53.5,2024-04-12 10:17:50
A,108.0,108.0,54.0,2024-04-12 10:18:00
A,109.0,109.0,54.5,2024-04-12 10:18:10
A,110.0,110.0,55.0,2024-04-12 10:18:20
A,111.0,111.0,55.5,2024-04-12 10:18:30
A,112.0,112.0,56.0,2024-04-12 10:18:40
A,113.0,113.0,56.5,2024-04-12 10:18:50
A,114.0,114.0,57.0,2024-04-12 10:19:00
A,115.0,115.0,57.5,2024-04-12 10:19:10
A,116.0,116.0,58.0,2024-04-12 10:19:20
A,117.0,117.0,58.5,2024-04-12 10:19:30
A,118.0,118.0,59.0,2024-04-12 10:19:40
A,119.0,119.0,59.5,2024-04-12 10:19:50
A,120.0,120.0,60.0,2024-04-12 10:20:00
A,121.0,121.0,60.5,2024-04-12 10:20:10
A,122.0,122.0,61.0,2024-04-12 10:20:20
A,123.0,123.0,61.5,2024-04-12 10:20:30
A,124.0,124.0,62.0,2024-04-12 10:20:40
A,125.0,125.0,62.5,2024-04-12 10:20:50
A,126.0,126.0,63.0,2024-04-12 10:21:00
A,127.0,127.0,63.5,2024-04-12 10:21:10
A,128.0,128.0,64.0,2024-04-12 10:21:20
A,129.0,129.0,64.5,2024-04-12 10:21:30
A,130.0,130.0,65.0,2024-04-12 10:21:40
A,131.0,131.0,65.5,2024-04-12 10:21:50
A,132.0,132.0,66.0,2024-04-12 10:22:00
A,133.0,133.0,66.5,2024-04-12 10:22:10
A,134.0,134.0,67.0,2024-04-12 10:22:20
A,135.0,135.0,67.5,2024-04-12 10:22:30
A,136.0,136.0,68.0,2024-04-12 10:22:40
A,137.0,137.0,68.5,2024-04-12 10:22:50
A,138.0,138.0,69.0,2024-04-12 10:23:00
A,139.0,139.0,69.5,2024-04-12 10:23:10
A,140.0,140.0,70.0,2024-04-12 10:23:20
A,141.0,141.0,70.5,2024-04-12 10:23:30
A,142.0,142.0,71.0,2024-04-12 10:23:40
A,143.0,143.0,71.5,2024-04-12 10:23:50
A,144.0,144.0,72.0,2024-04-12 10:24:00
A,145.0,145.0,72.5,2024-04-12 10:24:10
A,146.0,146.0,73.0,2024-04-12 10:24:20
A,147.0,147.0,73.5,2024-04-12 10:24:30
A,148.0,148.0,74.0,2024-04-12 10:24:40
A,149.0,149.0,74.5,2024-04-12 10:24:50
A,150.0,150.0,75.0,2024-04-12 10:25:00
A,151.0,151.0,75.5,2024-04-12 10:25:10
A,152.0,152.0,76.0,2024-04-12 10:25:20
A,153.0,153.0,76.5,2024-04-12 10:25:30
A,154.0,154.0,77.0,2024-04-12 10:25:40
A,155.0,155.0,77.5,2024-04-12 10:25:50
A,156.0,156.0,78.0,2024-04-12 10:26:00
A,157.0,157.0,78.5,2024-04-12 10:26:10
A,158.0,158.0,79.0,2024-04-12 10:26:20
A,159.0,159.0,79.5,2024-04-12 10:26:30
A,160.0,160.0,80.0,2024-04-12 10:26:40
A,161.0,161.0,80.5,2024-04-12 10:26:50
A,162.0,162.0,81.0,2024-04-12 10:27:00
A,163.0,163.0,81.5,2024-04-12 10:27:10
A,164.0,164.0,82.0,2024-04-12 10:27:20
A,165.0,165.0,82.5,2024-04-12 10:27:30
A,166.0,166.0,83.0,2024-04-12 10:27:40
A,167.0,167.0,83.5,2024-04-12 10:27:50
A,168.0,168.0,84.0,2024-04-12 10:28:00
A,169.0,169.0,84.5,2024-04-12 10:28:10
A,170.0,170.0,85.0,2024-04-12 10:28:20
A,171.0,171.0,85.5,2024-04-12 10:28:30
A,172.0,172.0,86.0,2024-04-12 10:28:40
A,173.0,173.0,86.5,2024-04-12 10:28:50
A,174.0,174.0,87.0,2024-04-12 10:29:00
A,175.0,175.0,87.5,2024-04-12 10:29:10
A,176.0,176.0,88.0,2024-04-12 10:29:20
A,177.0,177.0,88.5,2024-04-12 10:29:30
A,178.0,178.0,89.0,2024-04-12 10:29:40
A,179.0,179.0,89.5,2024-04-12 10:29:50
A,180.0,180.0,90.0,2024-04-12 10:30:00
A,181.0,181.0,90.5,2024-04-12 10:30:10
A,182.0,182.0,91.0,2024-04-12 10:30:20
A,183.0,183.0,91.5,2024-04-12 10:30:30
A,184.0,184.0,92.0,2024-04-12 10:30:40
A,185.0,185.0,92.5,2024-04-12 10:30:50
A,186.0,186.0,93.0,2024-04-12 10:31:00
A,187.0,187.0,93.5,2024-04-12 10:31:10
A,188.0,188.0,94.0,2024-04-12 10:31:20
A,189.0,189.0,94.5,2024-04-12 10:31:30
A,190.0,190.0,95.0,2024-04-12 10:31:40
A,191.0,191.0,95.5,2024-04-12 10:31:50
A,192.0,192.0,96.0,2024-04-12 10:32:00
A,193.0,193.0,96.5,2024-04-12 10:32:10
A,194.0,194.0,97.0,2024-04-12 10:32:20
A,195.0,195.0,97.5,2024-04-12 10:32:30
A,196.0,196.0,98.0,2024-04-12 10:32:40
A,197.0,197.0,98.5,2024-04-12 10:32:50
A,198.0,198.0,99.0,2024-04-12 10:33:00
A,199.0,199.0,99.5,2024-04-12 10:33:10
A,200.0,200.0,100.0,2024-04-12 10:33:20
A,201.0,201.0,100.5,2024-04-12 10:33:30
A,202.0,202.0,101.0,2024-04-12 10:33:40
A,203.0,203.0,101.5,2024-04-12 10:33:50
A,204.0,204.0,102.0,2024-04-12 10:34:00
A,205.0,205.0,102.5,2024-04-12 10:34:10
A,206.0,206.0,103.0,2024-04-12 10:34:20
A,207.0,207.0,103.5,2024-04-12 10:34:30
A,208.0,208.0,104.0,2024-04-12 10:34:40
A,209.0,209.0,104.5,2024-04-12 10:34:50
A,210.0,210.0,105.0,2024-04-12 10:35:00
A,211.0,211.0,105.5,2024-04-12 10:35:10
A,212.0,212.0,106.0,2024-04-12 10:35:20
A,213.0,213.0,106.5,2024-04-12 10:35:30
A,214.0,214.0,107.0,2024-04-12 10:35:40
A,215.0,215.0,107.5,2024-04-12 10:35:50
B,20.0,20.0,5.0,2024-04-12 10:00:00
B,19.0,19.0,4.5,2024-04-12 10:00:10
B,18.0,18.0,4.0,2024-04-12 10:00:20
B,17.0,17.0,3.5,2024-04-12 10:00:30
B,16.0,16.0,3.0,2024-04-12 10:00:40
B,15.0,15.0,2.5,2024-04-12 10:00:50
B,14.0,14.0,2.0,2024-04-12 10:01:00
B,13.0,13.0,1.5,2024-04-12 10:01:10
B,12.0,12.0,1.0,2024-04-12 10:01:20
B,11.0,11.0,0.5,2024-04-12 10:01:30
B,10.0,10.0,0.0,2024-04-12 10:01:40
B,9.0,9.0,-0.5,2024-04-12 10:01:50
B,8.0,8.0,-1.0,2024-04-12 10:02:00
B,7.0,7.0,-1.5,2024-04-12 10:02:10
B,6.0,6.0,-2.0,2024-04-12 10:02:20
B,5.0,5.0,-2.5,2024-04-12 10:02:30
B,4.0,4.0,-3.0,2024-04-12 10:02:40
B,3.0,3.0,-3.5,2024-04-12 10:02:50
B,2.0,2.0,-4.0,2024-04-12 10:03:00
B,1.0,1.0,-4.5,2024-04-12 10:03:10
B,0.0,0.0,-5.0,2024-04-12 10:03:20
B,-1.0,-1.0,-5.5,2024-04-12 10:03:30
B,-2.0,-2.0,-6.0,2024-04-12 10:03:40
B,-3.0,-3.0,-6.5,2024-04-12 10:03:50
B,-4.0,-4.0,-7.0,2024-04-12 10:04:00
B,-5.0,-5.0,-7.5,2024-04-12 10:04:10
B,-6.0,-6.0,-8.0,2024-04-12 10:04:20
B,-7.0,-7.0,-8.5,2024-04-12 10:04:30
B,-8.0,-8.0,-9.0,2024-04-12 10:04:40
B,-9.0,-9.0,-9.5,2024-04-12 10:04:50
B,-10.0,-10.0,-10.0,2024-04-12 10:05:00
B,-11.0,-11.0,-10.5,2024-04-12 10:05:10
B,-12.0,-12.0,-11.0,2024-04-12 10:05:20
B,-13.0,-13.0,-11.5,2024-04-12 10:05:30
B,-14.0,-14.0,-12.0,2024-04-12 10:05:40
B,-15.0,-15.0,-12.5,2024-04-12 10:05:50
B,-16.0,-16.0,-13.0,2024-04-12 10:06:00
B,-17.0,-17.0,-13.5,2024-04-12 10:06:10
B,-18.0,-18.0,-14.0,2024-04-12 10:06:20
B,-19.0,-19.0,-14.5,2024-04-12 10:06:30
B,-20.0,-20.0,-15.0,2024-04-12 10:06:40
B,-21.0,-21.0,-15.5,2024-04-12 10:06:50
B,-22.0,-22.0,-16.0,2024-04-12 10:07:00
B,-23.0,-23.0,-16.5,2024-04-12 10:07:10
B,-24.0,-24.0,-17.0,2024-04-12 10:07:20
B,-25.0,-25.0,-17.5,2024-04-12 10:07:30
B,-26.0,-26.0,-18.0,2024-04-12 10:07:40
B,-27.0,-27.0,-18.5,2024-04-12 10:07:50
B,-28.0,-28.0,-19.0,2024-04-12 10:08:00
B,-29.0,-29.0,-19.5,2024-04-12 10:08:10
B,-30.0,-30.0,-20.0,2024-04-12 10:08:20
B,-31.0,-31.0,-20.5,2024-04-12 10:08:30
B,-32.0,-32.0,-21.0,2024-04-12 10:08:40
B,-33.0,-33.0,-21.5,2024-04-12 10:08:50
B,-34.0,-34.0,-22.0,2024-04-12 10:09:00
B,-35.0,-35.0,-22.5,2024-04-12 10:09:10
B,-36.0,-36.0,-23.0,2024-04-12 10:09:20
B,-37.0,-37.0,-23.5,2024-04-12 10:09:30
B,-38.0,-38.0,-24.0,2024-04-12 10:09:40
B,-39.0,-39.0,-24.5,2024-04-12 10:09:50
B,-40.0,-40.0,-25.0,2024-04-12 10:10:00
B,-41.0,-41.0,-25.5,2024-04-12 10:10:10
B,-42.0,-42.0,-26.0,2024-04-12 10:10:20
B,-43.0,-43.0,-26.5,2024-04-12 10:10:30
B,-44.0,-44.0,-27.0,2024-04-12 10:10:40
B,-45.0,-45.0,-27.5,2024-04-12 10:10:50
B,-46.0,-46.0,-28.0,2024-04-12 10:11:00
B,-47.0,-47.0,-28.5,2024-04-12 10:11:10
B,-48.0,-48.0,-29.0,2024-04-12 10:11:20
B,-49.0,-49.0,-29.5,2024-04-12 10:11:30
B,-50.0,-50.0,-30.0,2024-04-12 10:11:40
B,-51.0,-51.0,-30.5,2024-04-12 10:11:50
B,-52.0,-52.0,-31.0,2024-04-12 10:12:00
B,-53.0,-53.0,-31.5,2024-04-12 10:12:10
B,-54.0,-54.0,-32.0,2024-04-12 10:12:20
B,-55.0,-55.0,-32.5,2024-04-12 10:12:30
B,-56.0,-56.0,-33.0,2024-04-12 10:12:40
B,-57.0,-57.0,-33.5,2024-04-12 10:12:50
B,-58.0,-58.0,-34.0,2024-04-12 10:13:00
B,-59.0,-59.0,-34.5,2024-04-12 10:13:10
B,-60.0,-60.0,-35.0,2024-04-12 10:13:20
B,-61.0,-61.0,-35.5,2024-04-12 10:13:30
B,-62.0,-62.0,-36.0,2024-04-12 10:13:40
B,-63.0,-63.0,-36.5,2024-04-12 10:13:50
B,-64.0,-64.0,-37.0,2024-04-12 10:14:00
B,-65.0,-65.0,-37.5,2024-04-12 10:14:10
B,-66.0,-66.0,-38.0,2024-04-12 10:14:20
B,-67.0,-67.0,-38.5,2024-04-12 10:14:30
B,-68.0,-68.0,-39.0,2024-04-12 10:14:40
B,-69.0,-69.0,-39.5,2024-04-12 10:14:50
B,-70.0,-70.0,-40.0,2024-04-12 10:15:00
B,-71.0,-71.0,-40.5,2024-04-12 10:15:10
B,-72.0,-72.0,-41.0,2024-04-12 10:15:20
B,-73.0,-73.0,-41.5,2024-04-12 10:15:30
B,-74.0,-74.0,-42.0,2024-04-12 10:15:40
B,-75.0,-75.0,-42.5,2024-04-12 10:15:50
B,-76.0,-76.0,-43.0,2024-04-12 10:16:00
B,-77.0,-77.0,-43.5,2024-04-12 10:16:10
B,-78.0,-78.0,-44.0,2024-04-12 10:16:20
B,-79.0,-79.0,-44.5,2024-04-12 10:16:30
B,-80.0,-80.0,-45.0,2024-04-12 10:16:40
B,-81.0,-81.0,-45.5,2024-04-12 10:16:50
B,-82.0,-82.0,-46.0,2024-04-12 10:17:00
B,-83.0,-83.0,-46.5,2024-04-12 10:17:10
B,-84.0,-84.0,-47.0,2024-04-12 10:17:20
B,-85.0,-85.0,-47.5,2024-04-12 10:17:30
B,-86.0,-86.0,-48.0,2024-04-12 10:17:40
B,-87.0,-87.0,-48.5,2024-04-12 10:17:50
B,-88.0,-88.0,-49.0,2024-04-12 10:18:00
B,-89.0,-89.0,-49.5,2024-04-12 10:18:10
B,-90.0,-90.0,-50.0,2024-04-12 10:18:20
B,-91.0,-91.0,-50.5,2024-04-12 10:18:30
B,-92.0,-92.0,-51.0,2024-04-12 10:18:40
B,-93.0,-93.0,-51.5,2024-04-12 10:18:50
B,-94.0,-94.0,-52.0,2024-04-12 10:19:00
B,-95.0,-95.0,-52.5,2024-04-12 10:19:10
B,-96.0,-96.0,-53.0,2024-04-12 10:19:20
B,-97.0,-97.0,-53.5,2024-04-12 10:19:30
B,-98.0,-98.0,-54.0,2024-04-12 10:19:40
B,-99.0,-99.0,-54.5,2024-04-12 10:19:50
B,-100.0,-100.0,-55.0,2024-04-12 10:20:00
B,-101.0,-101.0,-55.5,2024-04-12 10:20:10
B,-102.0,-102.0,-56.0,2024-04-12 10:20:20
B,-103.0,-103.0,-56.5,2024-04-12 10:20:30
B,-104.0,-104.0,-57.0,2024-04-12 10:20:40
B,-105.0,-105.0,-57.5,2024-04-12 10:20:50
B,-106.0,-106.0,-58.0,2024-04-12 10:21:00
B,-107.0,-107.0,-58.5,2024-04-12 10:21:10
B,-108.0,-108.0,-59.0,2024-04-12 10:21:20
B,-109.0,-109.0,-59.5,2024-04-12 10:21:30
B,-110.0,-110.0,-60.0,2024-04-12 10:21:40
B,-111.0,-111.0,-60.5,2024-04-12 10:21:50
B,-112.0,-112.0,-61.0,2024-04-12 10:22:00
B,-113.0,-113.0,-61.5,2024-04-12 10:22:10
B,-114.0,-114.0,-62.0,2024-04-12 10:22:20
B,-115.0,-115.0,-62.5,2024-04-12 10:22:30
B,-116.0,-116.0,-63.0,2024-04-12 10:22:40
B,-117.0,-117.0,-63.5,2024-04-12 10:22:50
B,-118.0,-118.0,-64.0,2024-04-12 10:23:00
B,-119.0,-119.0,-64.5,2024-04-12 10:23:10
B,-120.0,-120.0,-65.0,2024-04-12 10:23:20
B,-121.0,-121.0,-65.5,2024-04-12 10:23:30
B,-122.0,-122.0,-66.0,2024-04-12 10:23:40
B,-123.0,-123.0,-66.5,2024-04-12 10:23:50
B,-124.0,-124.0,-67.0,2024-04-12 10:24:00
B,-125.0,-125.0,-67.5,2024-04-12 10:24:10
B,-126.0,-126.0,-68.0,2024-04-12 10:24:20
B,-127.0,-127.0,-68.5,2024-04-12 10:24:30
B,-128.0,-128.0,-69.0,2024-04-12 10:24:40
B,-129.0,-129.0,-69.5,2024-04-12 10:24:50
B,-130.0,-130.0,-70.0,2024-04-12 10:25:00
B,-131.0,-131.0,-70.5,2024-04-12 10:25:10
B,-132.0,-132.0,-71.0,2024-04-12 10:25:20
B,-133.0,-133.0,-71.5,2024-04-12 10:25:30
B,-134.0,-134.0,-72.0,2024-04-12 10:25:40
B,-135.0,-135.0,-72.5,2024-04-12 10:25:50
B,-136.0,-136.0,-73.0,2024-04-12 10:26:00
B,-137.0,-137.0,-73.5,2024-04-12 10:26:10
B,-138.0,-138.0,-74.0,2024-04-12 10:26:20
B,-139.0,-139.0,-74.5,2024-04-12 10:26:30
B,-140.0,-140.0,-75.0,2024-04-12 10:26:40
B,-141.0,-141.0,-75.5,2024-04-12 10:26:50
B,-142.0,-142.0,-76.0,2024-04-12 10:27:00
B,-143.0,-143.0,-76.5,2024-04-12 10:27:10
B,-144.0,-144.0,-77.0,2024-04-12 10:27:20
B,-145.0,-145.0,-77.5,2024-04-12 10:27:30
B,-146.0,-146.0,-78.0,2024-04-12 10:27:40
B,-147.0,-147.0,-78.5,2024-04-12 10:27:50
B,-148.0,-148.0,-79.0,2024-04-12 10:28:00
B,-149.0,-149.0,-79.5,2024-04-12 10:28:10
B,-150.0,-150.0,-80.0,2024-04-12 10:28:20
B,-151.0,-151.0,-80.5,2024-04-12 10:28:30
B,-152.0,-152.0,-81.0,2024-04-12 10:28:40
B,-153.0,-153.0,-81.5,2024-04-12 10:28:50
B,-154.0,-154.0,-82.0,2024-04-12 10:29:00
B,-155.0,-155.0,-82.5,2024-04-12 10:29:10
B,-156.0,-156.0,-83.0,2024-04-12 10:29:20
B,-157.0,-157.0,-83.5,2024-04-12 10:29:30
B,-158.0,-158.0,-84.0,2024-04-12 10:29:40
B,-159.0,-159.0,-84.5,2024-04-12 10:29:50
B,-160.0,-160.0,-85.0,2024-04-12 10:30:00
B,-161.0,-161.0,-85.5,2024-04-12 10:30:10
B,-162.0,-162.0,-86.0,2024-04-12 10:30:20
B,-163.0,-163.0,-86.5,2024-04-12 10:30:30
B,-164.0,-164.0,-87.0,2024-04-12 10:30:40
B,-165.0,-165.0,-87.5,2024-04-12 10:30:50
B,-166.0,-166.0,-88.0,2024-04-12 10:31:00
B,-167.0,-167.0,-88.5,2024-04-12 10:31:10
B,-168.0,-168.0,-89.0,2024-04-12 10:31:20
B,-169.0,-169.0,-89.5,2024-04-12 10:31:30
B,-170.0,-170.0,-90.0,2024-04-12 10:31:40
B,-171.0,-171.0,-90.5,2024-04-12 10:31:50
B,-172.0,-172.0,-91.0,2024-04-12 10:32:00
B,-173.0,-173.0,-91.5,2024-04-12 10:32:10
B,-174.0,-174.0,-92.0,2024-04-12 10:32:20
B,-175.0,-175.0,-92.5,2024-04-12 10:32:30
B,-176.0,-176.0,-93.0,2024-04-12 10:32:40
B,-177.0,-177.0,-93.5,2024-04-12 10:32:50
B,-178.0,-178.0,-94.0,2024-04-12 10:33:00
B,-179.0,-179.0,-94.5,2024-04-12 10:33:10
B,-180.0,-180.0,-95.0,2024-04-12 10:33:20
B,-181.0,-181.0,-95.5,2024-04-12 10:33:30
B,-182.0,-182.0,-96.0,2024-04-12 10:33:40
B,-183.0,-183.0,-96.5,2024-04-12 10:33:50
B,-184.0,-184.0,-97.0,2024-04-12 10:34:00
B,-185.0,-185.0,-97.5,2024-04-12 10:34:10
B,-186.0,-186.0,-98.0,2024-04-12 10:34:20
B,-187.0,-187.0,-98.5,2024-04-12 10:34:30
B,-188.0,-188.0,-99.0,2024-04-12 10:34:40
B,-189.0,-189.0,-99.5,2024-04-12 10:34:50
B,-190.0,-190.0,-100.0,2024-04-12 10:35:00
B,-191.0,-191.0,-100.5,2024-04-12 10:35:10
B,-192.0,-192.0,-101.0,2024-04-12 10:35:20
B,-193.0,-193.0,-101.5,2024-04-12 10:35:30
B,-194.0,-194.0,-102.0,2024-04-12 10:35:40
B,-195.0,-195.0,-102.5,2024-04-12 10:35:50
C,0.0,100.0,10.0,2024-04-12 10:00:05
C,1.5,98.0,10.2,2024-04-12 10:00:15
C,3.0,96.0,10.4,2024-04-12 10:00:25
C,4.5,94.0,10.6,2024-04-12 10:00:35
C,6.0,92.0,10.8,2024-04-12 10:00:45
C,7.5,90.0,11.0,2024-04-12 10:00:55
C,9.0,88.0,11.2,2024-04-12 10:01:05
C,10.5,86.0,11.4,2024-04-12 10:01:15
C,12.0,84.0,11.6,2024-04-12 10:01:25
C,13.5,82.0,11.8,2024-04-12 10:01:35
C,15.0,80.0,12.0,2024-04-12 10:01:45
C,16.5,78.0,12.2,2024-04-12 10:01:55
C,18.0,76.0,12.4,2024-04-12 10:02:05
C,19.5,74.0,12.6,2024-04-12 10:02:15
C,21.0,72.0,12.8,2024-04-12 10:02:25
C,22.5,70.0,13.0,2024-04-12 10:02:35
C,24.0,68.0,13.2,2024-04-12 10:02:45
C,25.5,66.0,13.4,2024-04-12 10:02:55
C,27.0,64.0,13.6,2024-04-12 10:03:05
C,28.5,62.0,13.8,2024-04-12 10:03:15
C,30.0,60.0,14.0,2024-04-12 10:03:25
C,31.5,58.0,14.2,2024-04-12 10:03:35
C,33.0,56.0,14.4,2024-04-12 10:03:45
C,34.5,54.0,14.600000000000001,2024-04-12 10:03:55
C,36.0,52.0,14.8,2024-04-12 10:04:05
C,37.5,50.0,15.0,2024-04-12 10:04:15
C,39.0,48.0,15.2,2024-04-12 10:04:25
C,40.5,46.0,15.4,2024-04-12 10:04:35
C,42.0,44.0,15.600000000000001,2024-04-12 10:04:45
C,43.5,42.0,15.8,2024-04-12 10:04:55
C,45.0,40.0,16.0,2024-04-12 10:05:05
C,46.5,38.0,16.2,2024-04-12 10:05:15
C,48.0,36.0,16.4,2024-04-12 10:05:25
C,49.5,34.0,16.6,2024-04-12 10:05:35
C,51.0,32.0,16.8,2024-04-12 10:05:45
C,52.5,30.0,17.0,2024-04-12 10:05:55
C,54.0,28.0,17.2,2024-04-12 10:06:05
C,55.5,26.0,17.4,2024-04-12 10:06:15
C,57.0,24.0,17.6,2024-04-12 10:06:25
C,58.5,22.0,17.8,2024-04-12 10:06:35
C,60.0,20.0,18.0,2024-04-12 10:06:45
C,61.5,18.0,18.200000000000003,2024-04-12 10:06:55
C,63.0,16.0,18.4,2024-04-12 10:07:05
C,64.5,14.0,18.6,2024-04-12 10:07:15
C,66.0,12.0,18.8,2024-04-12 10:07:25
C,67.5,10.0,19.0,2024-04-12 10:07:35
C,69.0,8.0,19.200000000000003,2024-04-12 10:07:45
C,70.5,6.0,19.4,2024-04-12 10:07:55
C,72.0,4.0,19.6,2024-04-12 10:08:05
C,73.5,2.0,19.8,2024-04-12 10:08:15
C,75.0,0.0,20.0,2024-04-12 10:08:25
C,76.5,-2.0,20.200000000000003,2024-04-12 10:08:35
C,78.0,-4.0,20.4,2024-04-12 10:08:45
C,79.5,-6.0,20.6,2024-04-12 10:08:55
C,81.0,-8.0,20.8,2024-04-12 10:09:05
C,82.5,-10.0,21.0,2024-04-12 10:09:15
C,84.0,-12.0,21.200000000000003,2024-04-12 10:09:25
C,85.5,-14.0,21.4,2024-04-12 10:09:35
C,87.0,-16.0,21.6,2024-04-12 10:09:45
C,88.5,-18.0,21.8,2024-04-12 10:09:55
C,90.0,-20.0,22.0,2024-04-12 10:10:05
C,91.5,-22.0,22.200000000000003,2024-04-12 10:10:15
C,93.0,-24.0,22.4,2024-04-12 10:10:25
C,94.5,-26.0,22.6,2024-04-12 10:10:35
C,96.0,-28.0,22.8,2024-04-12 10:10:45
C,97.5,-30.0,23.0,2024-04-12 10:10:55
C,99.0,-32.0,23.200000000000003,2024-04-12 10:11:05
C,100.5,-34.0,23.4,2024-04-12 10:11:15
C,102.0,-36.0,23.6,2024-04-12 10:11:25
C,103.5,-38.0,23.8,2024-04-12 10:11:35
C,105.0,-40.0,24.0,2024-04-12 10:11:45
C,106.5,-42.0,24.200000000000003,2024-04-12 10:11:55
C,108.0,-44.0,24.4,2024-04-12 10:12:05
C,109.5,-46.0,24.6,2024-04-12 10:12:15
C,111.0,-48.0,24.8,2024-04-12 10:12:25
C,112.5,-50.0,25.0,2024-04-12 10:12:35
C,114.0,-52.0,25.200000000000003,2024-04-12 10:12:45
C,115.5,-54.0,25.4,2024-04-12 10:12:55
C,117.0,-56.0,25.6,2024-04-12 10:13:05
C,118.5,-58.0,25.8,2024-04-12 10:13:15
C,120.0,-60.0,26.0,2024-04-12 10:13:25
C,121.5,-62.0,26.2,2024-04-12 10:13:35
C,123.0,-64.0,26.400000000000002,2024-04-12 10:13:45
C,124.5,-66.0,26.6,2024-04-12 10:13:55
C,126.0,-68.0,26.8,2024-04-12 10:14:05
C,127.5,-70.0,27.0,2024-04-12 10:14:15
C,129.0,-72.0,27.2,2024-04-12 10:14:25
C,130.5,-74.0,27.400000000000002,2024-04-12 10:14:35
C,132.0,-76.0,27.6,2024-04-12 10:14:45
C,133.5,-78.0,27.8,2024-04-12 10:14:55
C,135.0,-80.0,28.0,2024-04-12 10:15:05
C,136.5,-82.0,28.2,2024-04-12 10:15:15
C,138.0,-84.0,28.400000000000002,2024-04-12 10:15:25
C,139.5,-86.0,28.6,2024-04-12 10:15:35
C,141.0,-88.0,28.8,2024-04-12 10:15:45
C,142.5,-90.0,29.0,2024-04-12 10:15:55
C,144.0,-92.0,29.200000000000003,2024-04-12 10:16:05
C,145.5,-94.0,29.400000000000002,2024-04-12 10:16:15
C,147.0,-96.0,29.6,2024-04-12 10:16:25
C,148.5,-98.0,29.8,2024-04-12 10:16:35
C,150.0,-100.0,30.0,2024-04-12 10:16:45
C,151.5,-102.0,30.200000000000003,2024-04-12 10:16:55
C,153.0,-104.0,30.400000000000002,2024-04-12 10:17:05
C,154.5,-106.0,30.6,2024-04-12 10:17:15
C,156.0,-108.0,30.8,2024-04-12 10:17:25
C,157.5,-110.0,31.0,2024-04-12 10:17:35
C,159.0,-112.0,31.200000000000003,2024-04-12 10:17:45
C,160.5,-114.0,31.400000000000002,2024-04-12 10:17:55
C,162.0,-116.0,31.6,2024-04-12 10:18:05
C,163.5,-118.0,31.8,2024-04-12 10:18:15
C,165.0,-120.0,32.0,2024-04-12 10:18:25
C,166.5,-122.0,32.2,2024-04-12 10:18:35
C,168.0,-124.0,32.400000000000006,2024-04-12 10:18:45
C,169.5,-126.0,32.6,2024-04-12 10:18:55
C,171.0,-128.0,32.8,2024-04-12 10:19:05
C,172.5,-130.0,33.0,2024-04-12 10:19:15
C,174.0,-132.0,33.2,2024-04-12 10:19:25
C,175.5,-134.0,33.400000000000006,2024-04-12 10:19:35
C,177.0,-136.0,33.6,2024-04-12 10:19:45
C,178.5,-138.0,33.8,2024-04-12 10:19:55
C,180.0,-140.0,34.0,2024-04-12 10:20:05
C,181.5,-142.0,34.2,2024-04-12 10:20:15
C,183.0,-144.0,34.400000000000006,2024-04-12 10:20:25
C,184.5,-146.0,34.6,2024-04-12 10:20:35
C,186.0,-148.0,34.8,2024-04-12 10:20:45
C,187.5,-150.0,35.0,2024-04-12 10:20:55
C,189.0,-152.0,35.2,2024-04-12 10:21:05
C,190.5,-154.0,35.400000000000006,2024-04-12 10:21:15
C,192.0,-156.0,35.6,2024-04-12 10:21:25
C,193.5,-158.0,35.8,2024-04-12 10:21:35
C,195.0,-160.0,36.0,2024-04-12 10:21:45
C,196.5,-162.0,36.2,2024-04-12 10:21:55
C,198.0,-164.0,36.400000000000006,2024-04-12 10:22:05
C,199.5,-166.0,36.6,2024-04-12 10:22:15
C,201.0,-168.0,36.8,2024-04-12 10:22:25
C,202.5,-170.0,37.0,2024-04-12 10:22:35
C,204.0,-172.0,37.2,2024-04-12 10:22:45
C,205.5,-174.0,37.400000000000006,2024-04-12 10:22:55
C,207.0,-176.0,37.6,2024-04-12 10:23:05
C,208.5,-178.0,37.8,2024-04-12 10:23:15
C,210.0,-180.0,38.0,2024-04-12 10:23:25
C,211.5,-182.0,38.2,2024-04-12 10:23:35
C,213.0,-184.0,38.400000000000006,2024-04-12 10:23:45
C,214.5,-186.0,38.6,2024-04-12 10:23:55
C,216.0,-188.0,38.8,2024-04-12 10:24:05
C,217.5,-190.0,39.0,2024-04-12 10:24:15
C,219.0,-192.0,39.2,2024-04-12 10:24:25
C,220.5,-194.0,39.400000000000006,2024-04-12 10:24:35
C,222.0,-196.0,39.6,2024-04-12 10:24:45
C,223.5,-198.0,39.8,2024-04-12 10:24:55
C,225.0,-200.0,40.0,2024-04-12 10:25:05
C,226.5,-202.0,40.2,2024-04-12 10:25:15
C,228.0,-204.0,40.400000000000006,2024-04-12 10:25:25
C,229.5,-206.0,40.6,2024-04-12 10:25:35
C,231.0,-208.0,40.8,2024-04-12 10:25:45
C,232.5,-210.0,41.0,2024-04-12 10:25:55
C,234.0,-212.0,41.2,2024-04-12 10:26:05
C,235.5,-214.0,41.400000000000006,2024-04-12 10:26:15
C,237.0,-216.0,41.6,2024-04-12 10:26:25
C,238.5,-218.0,41.8,2024-04-12 10:26:35
C,240.0,-220.0,42.0,2024-04-12 10:26:45
C,241.5,-222.0,42.2,2024-04-12 10:26:55
C,243.0,-224.0,42.4,2024-04-12 10:27:05
C,244.5,-226.0,42.6,2024-04-12 10:27:15
C,246.0,-228.0,42.800000000000004,2024-04-12 10:27:25
C,247.5,-230.0,43.0,2024-04-12 10:27:35
C,249.0,-232.0,43.2,2024-04-12 10:27:45
C,250.5,-234.0,43.4,2024-04-12 10:27:55
C,252.0,-236.0,43.6,2024-04-12 10:28:05
C,253.5,-238.0,43.800000000000004,2024-04-12 10:28:15
C,255.0,-240.0,44.0,2024-04-12 10:28:25
C,256.5,-242.0,44.2,2024-04-12 10:28:35
C,258.0,-244.0,44.4,2024-04-12 10:28:45
C,259.5,-246.0,44.6,2024-04-12 10:28:55
C,261.0,-248.0,44.800000000000004,2024-04-12 10:29:05
C,262.5,-250.0,45.0,2024-04-12 10:29:15
C,264.0,-252.0,45.2,2024-04-12 10:29:25
C,265.5,-254.0,45.4,2024-04-12 10:29:35
C,267.0,-256.0,45.6,2024-04-12 10:29:45
C,268.5,-258.0,45.800000000000004,2024-04-12 10:29:55
C,270.0,-260.0,46.0,2024-04-12 10:30:05
C,271.5,-262.0,46.2,2024-04-12 10:30:15
C,273.0,-264.0,46.4,2024-04-12 10:30:25
C,274.5,-266.0,46.6,2024-04-12 10:30:35
C,276.0,-268.0,46.800000000000004,2024-04-12 10:30:45
C,277.5,-270.0,47.0,2024-04-12 10:30:55
C,279.0,-272.0,47.2,2024-04-12 10:31:05
C,280.5,-274.0,47.4,2024-04-12 10:31:15
C,282.0,-276.0,47.6,2024-04-12 10:31:25
C,283.5,-278.0,47.800000000000004,2024-04-12 10:31:35
C,285.0,-280.0,48.0,2024-04-12 10:31:45
C,286.5,-282.0,48.2,2024-04-12 10:31:55
C,288.0,-284.0,48.400000000000006,2024-04-12 10:32:05
C,289.5,-286.0,48.6,2024-04-12 10:32:15
C,291.0,-288.0,48.800000000000004,2024-04-12 10:32:25
C,292.5,-290.0,49.0,2024-04-12 10:32:35
C,294.0,-292.0,49.2,2024-04-12 10:32:45
C,295.5,-294.0,49.400000000000006,2024-04-12 10:32:55
C,297.0,-296.0,49.6,2024-04-12 10:33:05
C,298.5,-298.0,49.800000000000004,2024-04-12 10:33:15
C,300.0,-300.0,50.0,2024-04-12 10:33:25
C,301.5,-302.0,50.2,2024-04-12 10:33:35
C,303.0,-304.0,50.400000000000006,2024-04-12 10:33:45
C,304.5,-306.0,50.6,2024-04-12 10:33:55
C,306.0,-308.0,50.800000000000004,2024-04-12 10:34:05
C,307.5,-310.0,51.0,2024-04-12 10:34:15
C,309.0,-312.0,51.2,2024-04-12 10:34:25
C,310.5,-314.0,51.400000000000006,2024-04-12 10:34:35
C,312.0,-316.0,51.6,2024-04-12 10:34:45
C,313.5,-318.0,51.800000000000004,2024-04-12 10:34:55
C,315.0,-320.0,52.0,2024-04-12 10:35:05
C,316.5,-322.0,52.2,2024-04-12 10:35:15
C,318.0,-324.0,52.400000000000006,2024-04-12 10:35:25
C,319.5,-326.0,52.6,2024-04-12 10:35:35
C,321.0,-328.0,52.800000000000004,2024-04-12 10:35:45
C,322.5,-330.0,53.0,2024-04-12 10:35:55
D,50.0,0.0,10.0,2024-04-12 10:00:05
D,48.5,2.0,9.8,2024-04-12 10:00:15
D,47.0,4.0,9.6,2024-04-12 10:00:25
D,45.5,6.0,9.4,2024-04-12 10:00:35
D,44.0,8.0,9.2,2024-04-12 10:00:45
D,42.5,10.0,9.0,2024-04-12 10:00:55
D,41.0,12.0,8.8,2024-04-12 10:01:05
D,39.5,14.0,8.6,2024-04-12 10:01:15
D,38.0,16.0,8.4,2024-04-12 10:01:25
D,36.5,18.0,8.2,2024-04-12 10:01:35
D,35.0,20.0,8.0,2024-04-12 10:01:45
D,33.5,22.0,7.8,2024-04-12 10:01:55
D,32.0,24.0,7.6,2024-04-12 10:02:05
D,30.5,26.0,7.4,2024-04-12 10:02:15
D,29.0,28.0,7.199999999999999,2024-04-12 10:02:25
D,27.5,30.0,7.0,2024-04-12 10:02:35
D,26.0,32.0,6.8,2024-04-12 10:02:45
D,24.5,34.0,6.6,2024-04-12 10:02:55
D,23.0,36.0,6.4,2024-04-12 10:03:05
D,21.5,38.0,6.199999999999999,2024-04-12 10:03:15
D,20.0,40.0,6.0,2024-04-12 10:03:25
D,18.5,42.0,5.8,2024-04-12 10:03:35
D,17.0,44.0,5.6,2024-04-12 10:03:45
D,15.5,46.0,5.3999999999999995,2024-04-12 10:03:55
D,14.0,48.0,5.199999999999999,2024-04-12 10:04:05
D,12.5,50.0,5.0,2024-04-12 10:04:15
D,11.0,52.0,4.8,2024-04-12 10:04:25
D,9.5,54.0,4.6,2024-04-12 10:04:35
D,8.0,56.0,4.3999999999999995,2024-04-12 10:04:45
D,6.5,58.0,4.199999999999999,2024-04-12 10:04:55
D,5.0,60.0,4.0,2024-04-12 10:05:05
D,3.5,62.0,3.8,2024-04-12 10:05:15
D,2.0,64.0,3.5999999999999996,2024-04-12 10:05:25
D,0.5,66.0,3.3999999999999995,2024-04-12 10:05:35
D,-1.0,68.0,3.1999999999999993,2024-04-12 10:05:45
D,-2.5,70.0,3.0,2024-04-12 10:05:55
D,-4.0,72.0,2.8,2024-04-12 10:06:05
D,-5.5,74.0,2.5999999999999996,2024-04-12 10:06:15
D,-7.0,76.0,2.3999999999999995,2024-04-12 10:06:25
D,-8.5,78.0,2.1999999999999993,2024-04-12 10:06:35
D,-10.0,80.0,2.0,2024-04-12 10:06:45
D,-11.5,82.0,1.799999999999999,2024-04-12 10:06:55
D,-13.0,84.0,1.5999999999999996,2024-04-12 10:07:05
D,-14.5,86.0,1.4000000000000004,2024-04-12 10:07:15
D,-16.0,88.0,1.1999999999999993,2024-04-12 10:07:25
D,-17.5,90.0,1.0,2024-04-12 10:07:35
D,-19.0,92.0,0.7999999999999989,2024-04-12 10:07:45
D,-20.5,94.0,0.5999999999999996,2024-04-12 10:07:55
D,-22.0,96.0,0.3999999999999986,2024-04-12 10:08:05
D,-23.5,98.0,0.1999999999999993,2024-04-12 10:08:15
D,-25.0,100.0,0.0,2024-04-12 10:08:25
D,-26.5,102.0,-0.20000000000000107,2024-04-12 10:08:35
D,-28.0,104.0,-0.40000000000000036,2024-04-12 10:08:45
D,-29.5,106.0,-0.6000000000000014,2024-04-12 10:08:55
D,-31.0,108.0,-0.8000000000000007,2024-04-12 10:09:05
D,-32.5,110.0,-1.0,2024-04-12 10:09:15
D,-34.0,112.0,-1.200000000000001,2024-04-12 10:09:25
D,-35.5,114.0,-1.4000000000000004,2024-04-12 10:09:35
D,-37.0,116.0,-1.6000000000000014,2024-04-12 10:09:45
D,-38.5,118.0,-1.8000000000000007,2024-04-12 10:09:55
D,-40.0,120.0,-2.0,2024-04-12 10:10:05
D,-41.5,122.0,-2.200000000000001,2024-04-12 10:10:15
D,-43.0,124.0,-2.4000000000000004,2024-04-12 10:10:25
D,-44.5,126.0,-2.6000000000000014,2024-04-12 10:10:35
D,-46.0,128.0,-2.8000000000000007,2024-04-12 10:10:45
D,-47.5,130.0,-3.0,2024-04-12 10:10:55
D,-49.0,132.0,-3.200000000000001,2024-04-12 10:11:05
D,-50.5,134.0,-3.4000000000000004,2024-04-12 10:11:15
D,-52.0,136.0,-3.6000000000000014,2024-04-12 10:11:25
D,-53.5,138.0,-3.8000000000000007,2024-04-12 10:11:35
D,-55.0,140.0,-4.0,2024-04-12 10:11:45
D,-56.5,142.0,-4.200000000000001,2024-04-12 10:11:55
D,-58.0,144.0,-4.4,2024-04-12 10:12:05
D,-59.5,146.0,-4.600000000000001,2024-04-12 10:12:15
D,-61.0,148.0,-4.800000000000001,2024-04-12 10:12:25
D,-62.5,150.0,-5.0,2024-04-12 10:12:35
D,-64.0,152.0,-5.200000000000001,2024-04-12 10:12:45
D,-65.5,154.0,-5.4,2024-04-12 10:12:55
D,-67.0,156.0,-5.600000000000001,2024-04-12 10:13:05
D,-68.5,158.0,-5.800000000000001,2024-04-12 10:13:15
D,-70.0,160.0,-6.0,2024-04-12 10:13:25
D,-71.5,162.0,-6.199999999999999,2024-04-12 10:13:35
D,-73.0,164.0,-6.400000000000002,2024-04-12 10:13:45
D,-74.5,166.0,-6.600000000000001,2024-04-12 10:13:55
D,-76.0,168.0,-6.800000000000001,2024-04-12 10:14:05
D,-77.5,170.0,-7.0,2024-04-12 10:14:15
D,-79.0,172.0,-7.199999999999999,2024-04-12 10:14:25
D,-80.5,174.0,-7.400000000000002,2024-04-12 10:14:35
D,-82.0,176.0,-7.600000000000001,2024-04-12 10:14:45
D,-83.5,178.0,-7.800000000000001,2024-04-12 10:14:55
D,-85.0,180.0,-8.0,2024-04-12 10:15:05
D,-86.5,182.0,-8.2,2024-04-12 10:15:15
D,-88.0,184.0,-8.400000000000002,2024-04-12 10:15:25
D,-89.5,186.0,-8.600000000000001,2024-04-12 10:15:35
D,-91.0,188.0,-8.8,2024-04-12 10:15:45
D,-92.5,190.0,-9.0,2024-04-12 10:15:55
D,-94.0,192.0,-9.200000000000003,2024-04-12 10:16:05
D,-95.5,194.0,-9.400000000000002,2024-04-12 10:16:15
D,-97.0,196.0,-9.600000000000001,2024-04-12 10:16:25
D,-98.5,198.0,-9.8,2024-04-12 10:16:35
D,-100.0,200.0,-10.0,2024-04-12 10:16:45
D,-101.5,202.0,-10.200000000000003,2024-04-12 10:16:55
D,-103.0,204.0,-10.400000000000002,2024-04-12 10:17:05
D,-104.5,206.0,-10.600000000000001,2024-04-12 10:17:15
D,-106.0,208.0,-10.8,2024-04-12 10:17:25
D,-107.5,210.0,-11.0,2024-04-12 10:17:35
D,-109.0,212.0,-11.200000000000003,2024-04-12 10:17:45
D,-110.5,214.0,-11.400000000000002,2024-04-12 10:17:55
D,-112.0,216.0,-11.600000000000001,2024-04-12 10:18:05
D,-113.5,218.0,-11.8,2024-04-12 10:18:15
D,-115.0,220.0,-12.0,2024-04-12 10:18:25
D,-116.5,222.0,-12.200000000000003,2024-04-12 10:18:35
D,-118.0,224.0,-12.400000000000002,2024-04-12 10:18:45
D,-119.5,226.0,-12.600000000000001,2024-04-12 10:18:55
D,-121.0,228.0,-12.8,2024-04-12 10:19:05
D,-122.5,230.0,-13.0,2024-04-12 10:19:15
D,-124.0,232.0,-13.200000000000003,2024-04-12 10:19:25
D,-125.5,234.0,-13.400000000000002,2024-04-12 10:19:35
D,-127.0,236.0,-13.600000000000001,2024-04-12 10:19:45
D,-128.5,238.0,-13.8,2024-04-12 10:19:55
D,-130.0,240.0,-14.0,2024-04-12 10:20:05
D,-131.5,242.0,-14.200000000000003,2024-04-12 10:20:15
D,-133.0,244.0,-14.400000000000002,2024-04-12 10:20:25
D,-134.5,246.0,-14.600000000000001,2024-04-12 10:20:35
D,-136.0,248.0,-14.8,2024-04-12 10:20:45
D,-137.5,250.0,-15.0,2024-04-12 10:20:55
D,-139.0,252.0,-15.200000000000003,2024-04-12 10:21:05
D,-140.5,254.0,-15.400000000000002,2024-04-12 10:21:15
D,-142.0,256.0,-15.600000000000001,2024-04-12 10:21:25
D,-143.5,258.0,-15.8,2024-04-12 10:21:35
D,-145.0,260.0,-16.0,2024-04-12 10:21:45
D,-146.5,262.0,-16.200000000000003,2024-04-12 10:21:55
D,-148.0,264.0,-16.400000000000002,2024-04-12 10:22:05
D,-149.5,266.0,-16.6,2024-04-12 10:22:15
D,-151.0,268.0,-16.8,2024-04-12 10:22:25
D,-152.5,270.0,-17.0,2024-04-12 10:22:35
D,-154.0,272.0,-17.200000000000003,2024-04-12 10:22:45
D,-155.5,274.0,-17.400000000000002,2024-04-12 10:22:55
D,-157.0,276.0,-17.6,2024-04-12 10:23:05
D,-158.5,278.0,-17.8,2024-04-12 10:23:15
D,-160.0,280.0,-18.0,2024-04-12 10:23:25
D,-161.5,282.0,-18.200000000000003,2024-04-12 10:23:35
D,-163.0,284.0,-18.400000000000002,2024-04-12 10:23:45
D,-164.5,286.0,-18.6,2024-04-12 10:23:55
D,-166.0,288.0,-18.8,2024-04-12 10:24:05
D,-167.5,290.0,-19.0,2024-04-12 10:24:15
D,-169.0,292.0,-19.200000000000003,2024-04-12 10:24:25
D,-170.5,294.0,-19.400000000000002,2024-04-12 10:24:35
D,-172.0,296.0,-19.6,2024-04-12 10:24:45
D,-173.5,298.0,-19.8,2024-04-12 10:24:55
D,-175.0,300.0,-20.0,2024-04-12 10:25:05
D,-176.5,302.0,-20.200000000000003,2024-04-12 10:25:15
D,-178.0,304.0,-20.400000000000002,2024-04-12 10:25:25
D,-179.5,306.0,-20.6,2024-04-12 10:25:35
D,-181.0,308.0,-20.8,2024-04-12 10:25:45
D,-182.5,310.0,-21.0,2024-04-12 10:25:55
D,-184.0,312.0,-21.200000000000003,2024-04-12 10:26:05
D,-185.5,314.0,-21.400000000000002,2024-04-12 10:26:15
D,-187.0,316.0,-21.6,2024-04-12 10:26:25
D,-188.5,318.0,-21.8,2024-04-12 10:26:35
D,-190.0,320.0,-22.0,2024-04-12 10:26:45
D,-191.5,322.0,-22.200000000000003,2024-04-12 10:26:55
D,-193.0,324.0,-22.4,2024-04-12 10:27:05
D,-194.5,326.0,-22.6,2024-04-12 10:27:15
D,-196.0,328.0,-22.800000000000004,2024-04-12 10:27:25
D,-197.5,330.0,-23.0,2024-04-12 10:27:35
D,-199.0,332.0,-23.200000000000003,2024-04-12 10:27:45
D,-200.5,334.0,-23.4,2024-04-12 10:27:55
D,-202.0,336.0,-23.6,2024-04-12 10:28:05
D,-203.5,338.0,-23.800000000000004,2024-04-12 10:28:15
D,-205.0,340.0,-24.0,2024-04-12 10:28:25
D,-206.5,342.0,-24.200000000000003,2024-04-12 10:28:35
D,-208.0,344.0,-24.4,2024-04-12 10:28:45
D,-209.5,346.0,-24.6,2024-04-12 10:28:55
D,-211.0,348.0,-24.800000000000004,2024-04-12 10:29:05
D,-212.5,350.0,-25.0,2024-04-12 10:29:15
D,-214.0,352.0,-25.200000000000003,2024-04-12 10:29:25
D,-215.5,354.0,-25.4,2024-04-12 10:29:35
D,-217.0,356.0,-25.6,2024-04-12 10:29:45
D,-218.5,358.0,-25.800000000000004,2024-04-12 10:29:55
D,-220.0,360.0,-26.0,2024-04-12 10:30:05
D,-221.5,362.0,-26.200000000000003,2024-04-12 10:30:15
D,-223.0,364.0,-26.4,2024-04-12 10:30:25
D,-224.5,366.0,-26.6,2024-04-12 10:30:35
D,-226.0,368.0,-26.800000000000004,2024-04-12 10:30:45
D,-227.5,370.0,-27.0,2024-04-12 10:30:55
D,-229.0,372.0,-27.200000000000003,2024-04-12 10:31:05
D,-230.5,374.0,-27.4,2024-04-12 10:31:15
D,-232.0,376.0,-27.6,2024-04-12 10:31:25
D,-233.5,378.0,-27.800000000000004,2024-04-12 10:31:35
D,-235.0,380.0,-28.0,2024-04-12 10:31:45
D,-236.5,382.0,-28.200000000000003,2024-04-12 10:31:55
D,-238.0,384.0,-28.400000000000006,2024-04-12 10:32:05
D,-239.5,386.0,-28.6,2024-04-12 10:32:15
D,-241.0,388.0,-28.800000000000004,2024-04-12 10:32:25
D,-242.5,390.0,-29.0,2024-04-12 10:32:35
D,-244.0,392.0,-29.200000000000003,2024-04-12 10:32:45
D,-245.5,394.0,-29.400000000000006,2024-04-12 10:32:55
D,-247.0,396.0,-29.6,2024-04-12 10:33:05
D,-248.5,398.0,-29.800000000000004,2024-04-12 10:33:15
D,-250.0,400.0,-30.0,2024-04-12 10:33:25
D,-251.5,402.0,-30.200000000000003,2024-04-12 10:33:35
D,-253.0,404.0,-30.400000000000006,2024-04-12 10:33:45
D,-254.5,406.0,-30.6,2024-04-12 10:33:55
D,-256.0,408.0,-30.800000000000004,2024-04-12 10:34:05
D,-257.5,410.0,-31.0,2024-04-12 10:34:15
D,-259.0,412.0,-31.200000000000003,2024-04-12 10:34:25
D,-260.5,414.0,-31.400000000000006,2024-04-12 10:34:35
D,-262.0,416.0,-31.6,2024-04-12 10:34:45
D,-263.5,418.0,-31.800000000000004,2024-04-12 10:34:55
D,-265.0,420.0,-32.0,2024-04-12 10:35:05
D,-266.5,422.0,-32.2,2024-04-12 10:35:15
D,-268.0,424.0,-32.400000000000006,2024-04-12 10:35:25
D,-269.5,426.0,-32.6,2024-04-12 10:35:35
D,-271.0,428.0,-32.800000000000004,2024-04-12 10:35:45
D,-272.5,430.0,-33.0,2024-04-12 10:35:55
E,20.0,20.0,30.0,2024-04-12 10:00:10
E,21.0,21.0,30.3,2024-04-12 10:00:20
E,22.0,22.0,30.6,2024-04-12 10:00:30
E,23.0,23.0,30.9,2024-04-12 10:00:40
E,24.0,24.0,31.2,2024-04-12 10:00:50
E,25.0,25.0,31.5,2024-04-12 10:01:00
E,26.0,26.0,31.8,2024-04-12 10:01:10
E,27.0,27.0,32.1,2024-04-12 10:01:20
E,28.0,28.0,32.4,2024-04-12 10:01:30
E,29.0,29.0,32.7,2024-04-12 10:01:40
E,30.0,30.0,33.0,2024-04-12 10:01:50
E,31.0,31.0,33.3,2024-04-12 10:02:00
E,32.0,32.0,33.6,2024-04-12 10:02:10
E,33.0,33.0,33.9,2024-04-12 10:02:20
E,34.0,34.0,34.2,2024-04-12 10:02:30
E,35.0,35.0,34.5,2024-04-12 10:02:40
E,36.0,36.0,34.8,2024-04-12 10:02:50
E,37.0,37.0,35.1,2024-04-12 10:03:00
E,38.0,38.0,35.4,2024-04-12 10:03:10
E,39.0,39.0,35.7,2024-04-12 10:03:20
E,40.0,40.0,36.0,2024-04-12 10:03:30
E,41.0,41.0,36.3,2024-04-12 10:03:40
E,42.0,42.0,36.6,2024-04-12 10:03:50
E,43.0,43.0,36.9,2024-04-12 10:04:00
E,44.0,44.0,37.2,2024-04-12 10:04:10
E,45.0,45.0,37.5,2024-04-12 10:04:20
E,46.0,46.0,37.8,2024-04-12 10:04:30
E,47.0,47.0,38.1,2024-04-12 10:04:40
E,48.0,48.0,38.4,2024-04-12 10:04:50
E,49.0,49.0,38.7,2024-04-12 10:05:00
E,50.0,50.0,39.0,2024-04-12 10:05:10
E,51.0,51.0,39.3,2024-04-12 10:05:20
E,52.0,52.0,39.6,2024-04-12 10:05:30
E,53.0,53.0,39.9,2024-04-12 10:05:40
E,54.0,54.0,40.2,2024-04-12 10:05:50
E,55.0,55.0,40.5,2024-04-12 10:06:00
E,56.0,56.0,40.8,2024-04-12 10:06:10
E,57.0,57.0,41.1,2024-04-12 10:06:20
E,58.0,58.0,41.4,2024-04-12 10:06:30
E,59.0,59.0,41.7,2024-04-12 10:06:40
E,60.0,60.0,42.0,2024-04-12 10:06:50
E,61.0,61.0,42.3,2024-04-12 10:07:00
E,62.0,62.0,42.6,2024-04-12 10:07:10
E,63.0,63.0,42.9,2024-04-12 10:07:20
E,64.0,64.0,43.2,2024-04-12 10:07:30
E,65.0,65.0,43.5,2024-04-12 10:07:40
E,66.0,66.0,43.8,2024-04-12 10:07:50
E,67.0,67.0,44.1,2024-04-12 10:08:00
E,68.0,68.0,44.4,2024-04-12 10:08:10
E,69.0,69.0,44.7,2024-04-12 10:08:20
E,70.0,70.0,45.0,2024-04-12 10:08:30
E,71.0,71.0,45.3,2024-04-12 10:08:40
E,72.0,72.0,45.6,2024-04-12 10:08:50
E,73.0,73.0,45.9,2024-04-12 10:09:00
E,74.0,74.0,46.2,2024-04-12 10:09:10
E,75.0,75.0,46.5,2024-04-12 10:09:20
E,76.0,76.0,46.8,2024-04-12 10:09:30
E,77.0,77.0,47.099999999999994,2024-04-12 10:09:40
E,78.0,78.0,47.4,2024-04-12 10:09:50
E,79.0,79.0,47.7,2024-04-12 10:10:00
E,80.0,80.0,48.0,2024-04-12 10:10:10
E,81.0,81.0,48.3,2024-04-12 10:10:20
E,82.0,82.0,48.599999999999994,2024-04-12 10:10:30
E,83.0,83.0,48.9,2024-04-12 10:10:40
E,84.0,84.0,49.2,2024-04-12 10:10:50
E,85.0,85.0,49.5,2024-04-12 10:11:00
E,86.0,86.0,49.8,2024-04-12 10:11:10
E,87.0,87.0,50.099999999999994,2024-04-12 10:11:20
E,88.0,88.0,50.4,2024-04-12 10:11:30
E,89.0,89.0,50.7,2024-04-12 10:11:40
E,90.0,90.0,51.0,2024-04-12 10:11:50
E,91.0,91.0,51.3,2024-04-12 10:12:00
E,92.0,92.0,51.599999999999994,2024-04-12 10:12:10
E,93.0,93.0,51.9,2024-04-12 10:12:20
E,94.0,94.0,52.2,2024-04-12 10:12:30
E,95.0,95.0,52.5,2024-04-12 10:12:40
E,96.0,96.0,52.8,2024-04-12 10:12:50
E,97.0,97.0,53.099999999999994,2024-04-12 10:13:00
E,98.0,98.0,53.4,2024-04-12 10:13:10
E,99.0,99.0,53.7,2024-04-12 10:13:20
E,100.0,100.0,54.0,2024-04-12 10:13:30
E,101.0,101.0,54.3,2024-04-12 10:13:40
E,102.0,102.0,54.599999999999994,2024-04-12 10:13:50
E,103.0,103.0,54.9,2024-04-12 10:14:00
E,104.0,104.0,55.2,2024-04-12 10:14:10
E,105.0,105.0,55.5,2024-04-12 10:14:20
E,106.0,106.0,55.8,2024-04-12 10:14:30
E,107.0,107.0,56.099999999999994,2024-04-12 10:14:40
E,108.0,108.0,56.4,2024-04-12 10:14:50
E,109.0,109.0,56.7,2024-04-12 10:15:00
E,110.0,110.0,57.0,2024-04-12 10:15:10
E,111.0,111.0,57.3,2024-04-12 10:15:20
E,112.0,112.0,57.599999999999994,2024-04-12 10:15:30
E,113.0,113.0,57.9,2024-04-12 10:15:40
E,114.0,114.0,58.2,2024-04-12 10:15:50
E,115.0,115.0,58.5,2024-04-12 10:16:00
E,116.0,116.0,58.8,2024-04-12 10:16:10
E,117.0,117.0,59.099999999999994,2024-04-12 10:16:20
E,118.0,118.0,59.4,2024-04-12 10:16:30
E,119.0,119.0,59.7,2024-04-12 10:16:40
E,120.0,120.0,60.0,2024-04-12 10:16:50
E,121.0,121.0,60.3,2024-04-12 10:17:00
E,122.0,122.0,60.599999999999994,2024-04-12 10:17:10
E,123.0,123.0,60.9,2024-04-12 10:17:20
E,124.0,124.0,61.2,2024-04-12 10:17:30
E,125.0,125.0,61.5,2024-04-12 10:17:40
E,126.0,126.0,61.8,2024-04-12 10:17:50
E,127.0,127.0,62.1,2024-04-12 10:18:00
E,128.0,128.0,62.4,2024-04-12 10:18:10
E,129.0,129.0,62.699999999999996,2024-04-12 10:18:20
E,130.0,130.0,63.0,2024-04-12 10:18:30
E,131.0,131.0,63.3,2024-04-12 10:18:40
E,132.0,132.0,63.6,2024-04-12 10:18:50
E,133.0,133.0,63.9,2024-04-12 10:19:00
E,134.0,134.0,64.19999999999999,2024-04-12 10:19:10
E,135.0,135.0,64.5,2024-04-12 10:19:20
E,136.0,136.0,64.8,2024-04-12 10:19:30
E,137.0,137.0,65.1,2024-04-12 10:19:40
E,138.0,138.0,65.4,2024-04-12 10:19:50
E,139.0,139.0,65.69999999999999,2024-04-12 10:20:00
E,140.0,140.0,66.0,2024-04-12 10:20:10
E,141.0,141.0,66.3,2024-04-12 10:20:20
E,142.0,142.0,66.6,2024-04-12 10:20:30
E,143.0,143.0,66.9,2024-04-12 10:20:40
E,144.0,144.0,67.19999999999999,2024-04-12 10:20:50
E,145.0,145.0,67.5,2024-04-12 10:21:00
E,146.0,146.0,67.8,2024-04-12 10:21:10
E,147.0,147.0,68.1,2024-04-12 10:21:20
E,148.0,148.0,68.4,2024-04-12 10:21:30
E,149.0,149.0,68.69999999999999,2024-04-12 10:21:40
E,150.0,150.0,69.0,2024-04-12 10:21:50
E,151.0,151.0,69.3,2024-04-12 10:22:00
E,152.0,152.0,69.6,2024-04-12 10:22:10
E,153.0,153.0,69.9,2024-04-12 10:22:20
E,154.0,154.0,70.19999999999999,2024-04-12 10:22:30
E,155.0,155.0,70.5,2024-04-12 10:22:40
E,156.0,156.0,70.8,2024-04-12 10:22:50
E,157.0,157.0,71.1,2024-04-12 10:23:00
E,158.0,158.0,71.4,2024-04-12 10:23:10
E,159.0,159.0,71.69999999999999,2024-04-12 10:23:20
E,160.0,160.0,72.0,2024-04-12 10:23:30
E,161.0,161.0,72.3,2024-04-12 10:23:40
E,162.0,162.0,72.6,2024-04-12 10:23:50
E,163.0,163.0,72.9,2024-04-12 10:24:00
E,164.0,164.0,73.19999999999999,2024-04-12 10:24:10
E,165.0,165.0,73.5,2024-04-12 10:24:20
E,166.0,166.0,73.8,2024-04-12 10:24:30
E,167.0,167.0,74.1,2024-04-12 10:24:40
E,168.0,168.0,74.4,2024-04-12 10:24:50
E,169.0,169.0,74.69999999999999,2024-04-12 10:25:00
E,170.0,170.0,75.0,2024-04-12 10:25:10
E,171.0,171.0,75.3,2024-04-12 10:25:20
E,172.0,172.0,75.6,2024-04-12 10:25:30
E,173.0,173.0,75.9,2024-04-12 10:25:40
E,174.0,174.0,76.19999999999999,2024-04-12 10:25:50
E,175.0,175.0,76.5,2024-04-12 10:26:00
E,176.0,176.0,76.8,2024-04-12 10:26:10
E,177.0,177.0,77.1,2024-04-12 10:26:20
E,178.0,178.0,77.4,2024-04-12 10:26:30
E,179.0,179.0,77.69999999999999,2024-04-12 10:26:40
E,180.0,180.0,78.0,2024-04-12 10:26:50
E,181.0,181.0,78.3,2024-04-12 10:27:00
E,182.0,182.0,78.6,2024-04-12 10:27:10
E,183.0,183.0,78.9,2024-04-12 10:27:20
E,184.0,184.0,79.19999999999999,2024-04-12 10:27:30
E,185.0,185.0,79.5,2024-04-12 10:27:40
E,186.0,186.0,79.8,2024-04-12 10:27:50
E,187.0,187.0,80.1,2024-04-12 10:28:00
E,188.0,188.0,80.4,2024-04-12 10:28:10
E,189.0,189.0,80.69999999999999,2024-04-12 10:28:20
E,190.0,190.0,81.0,2024-04-12 10:28:30
E,191.0,191.0,81.3,2024-04-12 10:28:40
E,192.0,192.0,81.6,2024-04-12 10:28:50
E,193.0,193.0,81.9,2024-04-12 10:29:00
E,194.0,194.0,82.19999999999999,2024-04-12 10:29:10
E,195.0,195.0,82.5,2024-04-12 10:29:20
E,196.0,196.0,82.8,2024-04-12 10:29:30
E,197.0,197.0,83.1,2024-04-12 10:29:40
E,198.0,198.0,83.4,2024-04-12 10:29:50
E,199.0,199.0,83.69999999999999,2024-04-12 10:30:00
E,200.0,200.0,84.0,2024-04-12 10:30:10
E,201.0,201.0,84.3,2024-04-12 10:30:20
E,202.0,202.0,84.6,2024-04-12 10:30:30
E,203.0,203.0,84.9,2024-04-12 10:30:40
E,204.0,204.0,85.19999999999999,2024-04-12 10:30:50
E,205.0,205.0,85.5,2024-04-12 10:31:00
E,206.0,206.0,85.8,2024-04-12 10:31:10
E,207.0,207.0,86.1,2024-04-12 10:31:20
E,208.0,208.0,86.4,2024-04-12 10:31:30
E,209.0,209.0,86.69999999999999,2024-04-12 10:31:40
E,210.0,210.0,87.0,2024-04-12 10:31:50
E,211.0,211.0,87.3,2024-04-12 10:32:00
E,212.0,212.0,87.6,2024-04-12 10:32:10
E,213.0,213.0,87.9,2024-04-12 10:32:20
E,214.0,214.0,88.19999999999999,2024-04-12 10:32:30
E,215.0,215.0,88.5,2024-04-12 10:32:40
E,216.0,216.0,88.8,2024-04-12 10:32:50
E,217.0,217.0,89.1,2024-04-12 10:33:00
E,218.0,218.0,89.4,2024-04-12 10:33:10
E,219.0,219.0,89.69999999999999,2024-04-12 10:33:20
E,220.0,220.0,90.0,2024-04-12 10:33:30
E,221.0,221.0,90.3,2024-04-12 10:33:40
E,222.0,222.0,90.6,2024-04-12 10:33:50
E,223.0,223.0,90.9,2024-04-12 10:34:00
E,224.0,224.0,91.19999999999999,2024-04-12 10:34:10
E,225.0,225.0,91.5,2024-04-12 10:34:20
E,226.0,226.0,91.8,2024-04-12 10:34:30
E,227.0,227.0,92.1,2024-04-12 10:34:40
E,228.0,228.0,92.4,2024-04-12 10:34:50
E,229.0,229.0,92.69999999999999,2024-04-12 10:35:00
E,230.0,230.0,93.0,2024-04-12 10:35:10
E,231.0,231.0,93.3,2024-04-12 10:35:20
E,232.0,232.0,93.6,2024-04-12 10:35:30
E,233.0,233.0,93.9,2024-04-12 10:35:40
E,234.0,234.0,94.2,2024-04-12 10:35:50
E,235.0,235.0,94.5,2024-04-12 10:36:00
F,70.0,70.0,30.0,2024-04-12 10:00:10
F,69.0,69.0,29.7,2024-04-12 10:00:20
F,68.0,68.0,29.4,2024-04-12 10:00:30
F,67.0,67.0,29.1,2024-04-12 10:00:40
F,66.0,66.0,28.8,2024-04-12 10:00:50
F,65.0,65.0,28.5,2024-04-12 10:01:00
F,64.0,64.0,28.2,2024-04-12 10:01:10
F,63.0,63.0,27.9,2024-04-12 10:01:20
F,62.0,62.0,27.6,2024-04-12 10:01:30
F,61.0,61.0,27.3,2024-04-12 10:01:40
F,60.0,60.0,27.0,2024-04-12 10:01:50
F,59.0,59.0,26.7,2024-04-12 10:02:00
F,58.0,58.0,26.4,2024-04-12 10:02:10
F,57.0,57.0,26.1,2024-04-12 10:02:20
F,56.0,56.0,25.8,2024-04-12 10:02:30
F,55.0,55.0,25.5,2024-04-12 10:02:40
F,54.0,54.0,25.2,2024-04-12 10:02:50
F,53.0,53.0,24.9,2024-04-12 10:03:00
F,52.0,52.0,24.6,2024-04-12 10:03:10
F,51.0,51.0,24.3,2024-04-12 10:03:20
F,50.0,50.0,24.0,2024-04-12 10:03:30
F,49.0,49.0,23.7,2024-04-12 10:03:40
F,48.0,48.0,23.4,2024-04-12 10:03:50
F,47.0,47.0,23.1,2024-04-12 10:04:00
F,46.0,46.0,22.8,2024-04-12 10:04:10
F,45.0,45.0,22.5,2024-04-12 10:04:20
F,44.0,44.0,22.2,2024-04-12 10:04:30
F,43.0,43.0,21.9,2024-04-12 10:04:40
F,42.0,42.0,21.6,2024-04-12 10:04:50
F,41.0,41.0,21.3,2024-04-12 10:05:00
F,40.0,40.0,21.0,2024-04-12 10:05:10
F,39.0,39.0,20.700000000000003,2024-04-12 10:05:20
F,38.0,38.0,20.4,2024-04-12 10:05:30
F,37.0,37.0,20.1,2024-04-12 10:05:40
F,36.0,36.0,19.8,2024-04-12 10:05:50
F,35.0,35.0,19.5,2024-04-12 10:06:00
F,34.0,34.0,19.200000000000003,2024-04-12 10:06:10
F,33.0,33.0,18.9,2024-04-12 10:06:20
F,32.0,32.0,18.6,2024-04-12 10:06:30
F,31.0,31.0,18.3,2024-04-12 10:06:40
F,30.0,30.0,18.0,2024-04-12 10:06:50
F,29.0,29.0,17.700000000000003,2024-04-12 10:07:00
F,28.0,28.0,17.4,2024-04-12 10:07:10
F,27.0,27.0,17.1,2024-04-12 10:07:20
F,26.0,26.0,16.8,2024-04-12 10:07:30
F,25.0,25.0,16.5,2024-04-12 10:07:40
F,24.0,24.0,16.200000000000003,2024-04-12 10:07:50
F,23.0,23.0,15.9,2024-04-12 10:08:00
F,22.0,22.0,15.600000000000001,2024-04-12 10:08:10
F,21.0,21.0,15.3,2024-04-12 10:08:20
F,20.0,20.0,15.0,2024-04-12 10:08:30
F,19.0,19.0,14.700000000000001,2024-04-12 10:08:40
F,18.0,18.0,14.4,2024-04-12 10:08:50
F,17.0,17.0,14.100000000000001,2024-04-12 10:09:00
F,16.0,16.0,13.8,2024-04-12 10:09:10
F,15.0,15.0,13.5,2024-04-12 10:09:20
F,14.0,14.0,13.2,2024-04-12 10:09:30
F,13.0,13.0,12.900000000000002,2024-04-12 10:09:40
F,12.0,12.0,12.600000000000001,2024-04-12 10:09:50
F,11.0,11.0,12.3,2024-04-12 10:10:00
F,10.0,10.0,12.0,2024-04-12 10:10:10
F,9.0,9.0,11.7,2024-04-12 10:10:20
F,8.0,8.0,11.400000000000002,2024-04-12 10:10:30
F,7.0,7.0,11.100000000000001,2024-04-12 10:10:40
F,6.0,6.0,10.8,2024-04-12 10:10:50
F,5.0,5.0,10.5,2024-04-12 10:11:00
F,4.0,4.0,10.2,2024-04-12 10:11:10
F,3.0,3.0,9.900000000000002,2024-04-12 10:11:20
F,2.0,2.0,9.600000000000001,2024-04-12 10:11:30
F,1.0,1.0,9.3,2024-04-12 10:11:40
F,0.0,0.0,9.0,2024-04-12 10:11:50
F,-1.0,-1.0,8.7,2024-04-12 10:12:00
F,-2.0,-2.0,8.400000000000002,2024-04-12 10:12:10
F,-3.0,-3.0,8.100000000000001,2024-04-12 10:12:20
F,-4.0,-4.0,7.800000000000001,2024-04-12 10:12:30
F,-5.0,-5.0,7.5,2024-04-12 10:12:40
F,-6.0,-6.0,7.199999999999999,2024-04-12 10:12:50
F,-7.0,-7.0,6.900000000000002,2024-04-12 10:13:00
F,-8.0,-8.0,6.600000000000001,2024-04-12 10:13:10
F,-9.0,-9.0,6.300000000000001,2024-04-12 10:13:20
F,-10.0,-10.0,6.0,2024-04-12 10:13:30
F,-11.0,-11.0,5.699999999999999,2024-04-12 10:13:40
F,-12.0,-12.0,5.400000000000002,2024-04-12 10:13:50
F,-13.0,-13.0,5.100000000000001,2024-04-12 10:14:00
F,-14.0,-14.0,4.800000000000001,2024-04-12 10:14:10
F,-15.0,-15.0,4.5,2024-04-12 10:14:20
F,-16.0,-16.0,4.199999999999999,2024-04-12 10:14:30
F,-17.0,-17.0,3.900000000000002,2024-04-12 10:14:40
F,-18.0,-18.0,3.6000000000000014,2024-04-12 10:14:50
F,-19.0,-19.0,3.3000000000000007,2024-04-12 10:15:00
F,-20.0,-20.0,3.0,2024-04-12 10:15:10
F,-21.0,-21.0,2.6999999999999993,2024-04-12 10:15:20
F,-22.0,-22.0,2.400000000000002,2024-04-12 10:15:30
F,-23.0,-23.0,2.1000000000000014,2024-04-12 10:15:40
F,-24.0,-24.0,1.8000000000000007,2024-04-12 10:15:50
F,-25.0,-25.0,1.5,2024-04-12 10:16:00
F,-26.0,-26.0,1.2000000000000028,2024-04-12 10:16:10
F,-27.0,-27.0,0.9000000000000021,2024-04-12 10:16:20
F,-28.0,-28.0,0.6000000000000014,2024-04-12 10:16:30
F,-29.0,-29.0,0.3000000000000007,2024-04-12 10:16:40
F,-30.0,-30.0,0.0,2024-04-12 10:16:50
F,-31.0,-31.0,-0.29999999999999716,2024-04-12 10:17:00
F,-32.0,-32.0,-0.5999999999999979,2024-04-12 10:17:10
F,-33.0,-33.0,-0.8999999999999986,2024-04-12 10:17:20
F,-34.0,-34.0,-1.1999999999999993,2024-04-12 10:17:30
F,-35.0,-35.0,-1.5,2024-04-12 10:17:40
F,-36.0,-36.0,-1.7999999999999972,2024-04-12 10:17:50
F,-37.0,-37.0,-2.1000000000000014,2024-04-12 10:18:00
F,-38.0,-38.0,-2.3999999999999986,2024-04-12 10:18:10
F,-39.0,-39.0,-2.6999999999999957,2024-04-12 10:18:20
F,-40.0,-40.0,-3.0,2024-04-12 10:18:30
F,-41.0,-41.0,-3.299999999999997,2024-04-12 10:18:40
F,-42.0,-42.0,-3.6000000000000014,2024-04-12 10:18:50
F,-43.0,-43.0,-3.8999999999999986,2024-04-12 10:19:00
F,-44.0,-44.0,-4.199999999999996,2024-04-12 10:19:10
F,-45.0,-45.0,-4.5,2024-04-12 10:19:20
F,-46.0,-46.0,-4.799999999999997,2024-04-12 10:19:30
F,-47.0,-47.0,-5.100000000000001,2024-04-12 10:19:40
F,-48.0,-48.0,-5.399999999999999,2024-04-12 10:19:50
F,-49.0,-49.0,-5.699999999999996,2024-04-12 10:20:00
F,-50.0,-50.0,-6.0,2024-04-12 10:20:10
F,-51.0,-51.0,-6.299999999999997,2024-04-12 10:20:20
F,-52.0,-52.0,-6.600000000000001,2024-04-12 10:20:30
F,-53.0,-53.0,-6.899999999999999,2024-04-12 10:20:40
F,-54.0,-54.0,-7.199999999999996,2024-04-12 10:20:50
F,-55.0,-55.0,-7.5,2024-04-12 10:21:00
F,-56.0,-56.0,-7.799999999999997,2024-04-12 10:21:10
F,-57.0,-57.0,-8.100000000000001,2024-04-12 10:21:20
F,-58.0,-58.0,-8.399999999999999,2024-04-12 10:21:30
F,-59.0,-59.0,-8.699999999999996,2024-04-12 10:21:40
F,-60.0,-60.0,-9.0,2024-04-12 10:21:50
F,-61.0,-61.0,-9.299999999999997,2024-04-12 10:22:00
F,-62.0,-62.0,-9.600000000000001,2024-04-12 10:22:10
F,-63.0,-63.0,-9.899999999999999,2024-04-12 10:22:20
F,-64.0,-64.0,-10.199999999999996,2024-04-12 10:22:30
F,-65.0,-65.0,-10.5,2024-04-12 10:22:40
F,-66.0,-66.0,-10.799999999999997,2024-04-12 10:22:50
F,-67.0,-67.0,-11.100000000000001,2024-04-12 10:23:00
F,-68.0,-68.0,-11.399999999999999,2024-04-12 10:23:10
F,-69.0,-69.0,-11.699999999999996,2024-04-12 10:23:20
F,-70.0,-70.0,-12.0,2024-04-12 10:23:30
F,-71.0,-71.0,-12.299999999999997,2024-04-12 10:23:40
F,-72.0,-72.0,-12.600000000000001,2024-04-12 10:23:50
F,-73.0,-73.0,-12.899999999999999,2024-04-12 10:24:00
F,-74.0,-74.0,-13.199999999999996,2024-04-12 10:24:10
F,-75.0,-75.0,-13.5,2024-04-12 10:24:20
F,-76.0,-76.0,-13.799999999999997,2024-04-12 10:24:30
F,-77.0,-77.0,-14.100000000000001,2024-04-12 10:24:40
F,-78.0,-78.0,-14.399999999999999,2024-04-12 10:24:50
F,-79.0,-79.0,-14.699999999999996,2024-04-12 10:25:00
F,-80.0,-80.0,-15.0,2024-04-12 10:25:10
F,-81.0,-81.0,-15.299999999999997,2024-04-12 10:25:20
F,-82.0,-82.0,-15.600000000000001,2024-04-12 10:25:30
F,-83.0,-83.0,-15.899999999999999,2024-04-12 10:25:40
F,-84.0,-84.0,-16.199999999999996,2024-04-12 10:25:50
F,-85.0,-85.0,-16.5,2024-04-12 10:26:00
F,-86.0,-86.0,-16.799999999999997,2024-04-12 10:26:10
F,-87.0,-87.0,-17.1,2024-04-12 10:26:20
F,-88.0,-88.0,-17.4,2024-04-12 10:26:30
F,-89.0,-89.0,-17.699999999999996,2024-04-12 10:26:40
F,-90.0,-90.0,-18.0,2024-04-12 10:26:50
F,-91.0,-91.0,-18.299999999999997,2024-04-12 10:27:00
F,-92.0,-92.0,-18.6,2024-04-12 10:27:10
F,-93.0,-93.0,-18.9,2024-04-12 10:27:20
F,-94.0,-94.0,-19.199999999999996,2024-04-12 10:27:30
F,-95.0,-95.0,-19.5,2024-04-12 10:27:40
F,-96.0,-96.0,-19.799999999999997,2024-04-12 10:27:50
F,-97.0,-97.0,-20.1,2024-04-12 10:28:00
F,-98.0,-98.0,-20.4,2024-04-12 10:28:10
F,-99.0,-99.0,-20.699999999999996,2024-04-12 10:28:20
F,-100.0,-100.0,-21.0,2024-04-12 10:28:30
F,-101.0,-101.0,-21.299999999999997,2024-04-12 10:28:40
F,-102.0,-102.0,-21.6,2024-04-12 10:28:50
F,-103.0,-103.0,-21.9,2024-04-12 10:29:00
F,-104.0,-104.0,-22.199999999999996,2024-04-12 10:29:10
F,-105.0,-105.0,-22.5,2024-04-12 10:29:20
F,-106.0,-106.0,-22.799999999999997,2024-04-12 10:29:30
F,-107.0,-107.0,-23.1,2024-04-12 10:29:40
F,-108.0,-108.0,-23.4,2024-04-12 10:29:50
F,-109.0,-109.0,-23.699999999999996,2024-04-12 10:30:00
F,-110.0,-110.0,-24.0,2024-04-12 10:30:10
F,-111.0,-111.0,-24.299999999999997,2024-04-12 10:30:20
F,-112.0,-112.0,-24.6,2024-04-12 10:30:30
F,-113.0,-113.0,-24.9,2024-04-12 10:30:40
F,-114.0,-114.0,-25.199999999999996,2024-04-12 10:30:50
F,-115.0,-115.0,-25.5,2024-04-12 10:31:00
F,-116.0,-116.0,-25.799999999999997,2024-04-12 10:31:10
F,-117.0,-117.0,-26.1,2024-04-12 10:31:20
F,-118.0,-118.0,-26.4,2024-04-12 10:31:30
F,-119.0,-119.0,-26.699999999999996,2024-04-12 10:31:40
F,-120.0,-120.0,-27.0,2024-04-12 10:31:50
F,-121.0,-121.0,-27.299999999999997,2024-04-12 10:32:00
F,-122.0,-122.0,-27.599999999999994,2024-04-12 10:32:10
F,-123.0,-123.0,-27.9,2024-04-12 10:32:20
F,-124.0,-124.0,-28.199999999999996,2024-04-12 10:32:30
F,-125.0,-125.0,-28.5,2024-04-12 10:32:40
F,-126.0,-126.0,-28.799999999999997,2024-04-12 10:32:50
F,-127.0,-127.0,-29.099999999999994,2024-04-12 10:33:00
F,-128.0,-128.0,-29.4,2024-04-12 10:33:10
F,-129.0,-129.0,-29.699999999999996,2024-04-12 10:33:20
F,-130.0,-130.0,-30.0,2024-04-12 10:33:30
F,-131.0,-131.0,-30.299999999999997,2024-04-12 10:33:40
F,-132.0,-132.0,-30.599999999999994,2024-04-12 10:33:50
F,-133.0,-133.0,-30.9,2024-04-12 10:34:00
F,-134.0,-134.0,-31.199999999999996,2024-04-12 10:34:10
F,-135.0,-135.0,-31.5,2024-04-12 10:34:20
F,-136.0,-136.0,-31.799999999999997,2024-04-12 10:34:30
F,-137.0,-137.0,-32.099999999999994,2024-04-12 10:34:40
F,-138.0,-138.0,-32.4,2024-04-12 10:34:50
F,-139.0,-139.0,-32.699999999999996,2024-04-12 10:35:00
F,-140.0,-140.0,-33.0,2024-04-12 10:35:10
F,-141.0,-141.0,-33.3,2024-04-12 10:35:20
F,-142.0,-142.0,-33.599999999999994,2024-04-12 10:35:30
F,-143.0,-143.0,-33.9,2024-04-12 10:35:40
F,-144.0,-144.0,-34.2,2024-04-12 10:35:50
F,-145.0,-145.0,-34.5,2024-04-12 10:36:00
G,100.0,0.0,50.0,2024-04-12 10:00:20
G,99.5,1.5,50.4,2024-04-12 10:00:30
G,99.0,3.0,50.8,2024-04-12 10:00:40
G,98.5,4.5,51.2,2024-04-12 10:00:50
G,98.0,6.0,51.6,2024-04-12 10:01:00
G,97.5,7.5,52.0,2024-04-12 10:01:10
G,97.0,9.0,52.4,2024-04-12 10:01:20
G,96.5,10.5,52.8,2024-04-12 10:01:30
G,96.0,12.0,53.2,2024-04-12 10:01:40
G,95.5,13.5,53.6,2024-04-12 10:01:50
G,95.0,15.0,54.0,2024-04-12 10:02:00
G,94.5,16.5,54.4,2024-04-12 10:02:10
G,94.0,18.0,54.8,2024-04-12 10:02:20
G,93.5,19.5,55.2,2024-04-12 10:02:30
G,93.0,21.0,55.6,2024-04-12 10:02:40
G,92.5,22.5,56.0,2024-04-12 10:02:50
G,92.0,24.0,56.4,2024-04-12 10:03:00
G,91.5,25.5,56.8,2024-04-12 10:03:10
G,91.0,27.0,57.2,2024-04-12 10:03:20
G,90.5,28.5,57.6,2024-04-12 10:03:30
G,90.0,30.0,58.0,2024-04-12 10:03:40
G,89.5,31.5,58.4,2024-04-12 10:03:50
G,89.0,33.0,58.8,2024-04-12 10:04:00
G,88.5,34.5,59.2,2024-04-12 10:04:10
G,88.0,36.0,59.6,2024-04-12 10:04:20
G,87.5,37.5,60.0,2024-04-12 10:04:30
G,87.0,39.0,60.4,2024-04-12 10:04:40
G,86.5,40.5,60.8,2024-04-12 10:04:50
G,86.0,42.0,61.2,2024-04-12 10:05:00
G,85.5,43.5,61.6,2024-04-12 10:05:10
G,85.0,45.0,62.0,2024-04-12 10:05:20
G,84.5,46.5,62.4,2024-04-12 10:05:30
G,84.0,48.0,62.8,2024-04-12 10:05:40
G,83.5,49.5,63.2,2024-04-12 10:05:50
G,83.0,51.0,63.6,2024-04-12 10:06:00
G,82.5,52.5,64.0,2024-04-12 10:06:10
G,82.0,54.0,64.4,2024-04-12 10:06:20
G,81.5,55.5,64.8,2024-04-12 10:06:30
G,81.0,57.0,65.2,2024-04-12 10:06:40
G,80.5,58.5,65.6,2024-04-12 10:06:50
G,80.0,60.0,66.0,2024-04-12 10:07:00
G,79.5,61.5,66.4,2024-04-12 10:07:10
G,79.0,63.0,66.8,2024-04-12 10:07:20
G,78.5,64.5,67.2,2024-04-12 10:07:30
G,78.0,66.0,67.6,2024-04-12 10:07:40
G,77.5,67.5,68.0,2024-04-12 10:07:50
G,77.0,69.0,68.4,2024-04-12 10:08:00
G,76.5,70.5,68.8,2024-04-12 10:08:10
G,76.0,72.0,69.2,2024-04-12 10:08:20
G,75.5,73.5,69.6,2024-04-12 10:08:30
G,75.0,75.0,70.0,2024-04-12 10:08:40
G,74.5,76.5,70.4,2024-04-12 10:08:50
G,74.0,78.0,70.8,2024-04-12 10:09:00
G,73.5,79.5,71.2,2024-04-12 10:09:10
G,73.0,81.0,71.6,2024-04-12 10:09:20
G,72.5,82.5,72.0,2024-04-12 10:09:30
G,72.0,84.0,72.4,2024-04-12 10:09:40
G,71.5,85.5,72.8,2024-04-12 10:09:50
G,71.0,87.0,73.2,2024-04-12 10:10:00
G,70.5,88.5,73.6,2024-04-12 10:10:10
G,70.0,90.0,74.0,2024-04-12 10:10:20
G,69.5,91.5,74.4,2024-04-12 10:10:30
G,69.0,93.0,74.8,2024-04-12 10:10:40
G,68.5,94.5,75.2,2024-04-12 10:10:50
G,68.0,96.0,75.6,2024-04-12 10:11:00
G,67.5,97.5,76.0,2024-04-12 10:11:10
G,67.0,99.0,76.4,2024-04-12 10:11:20
G,66.5,100.5,76.8,2024-04-12 10:11:30
G,66.0,102.0,77.2,2024-04-12 10:11:40
G,65.5,103.5,77.6,2024-04-12 10:11:50
G,65.0,105.0,78.0,2024-04-12 10:12:00
G,64.5,106.5,78.4,2024-04-12 10:12:10
G,64.0,108.0,78.8,2024-04-12 10:12:20
G,63.5,109.5,79.2,2024-04-12 10:12:30
G,63.0,111.0,79.6,2024-04-12 10:12:40
G,62.5,112.5,80.0,2024-04-12 10:12:50
G,62.0,114.0,80.4,2024-04-12 10:13:00
G,61.5,115.5,80.8,2024-04-12 10:13:10
G,61.0,117.0,81.2,2024-04-12 10:13:20
G,60.5,118.5,81.6,2024-04-12 10:13:30
G,60.0,120.0,82.0,2024-04-12 10:13:40
G,59.5,121.5,82.4,2024-04-12 10:13:50
G,59.0,123.0,82.80000000000001,2024-04-12 10:14:00
G,58.5,124.5,83.2,2024-04-12 10:14:10
G,58.0,126.0,83.6,2024-04-12 10:14:20
G,57.5,127.5,84.0,2024-04-12 10:14:30
G,57.0,129.0,84.4,2024-04-12 10:14:40
G,56.5,130.5,84.80000000000001,2024-04-12 10:14:50
G,56.0,132.0,85.2,2024-04-12 10:15:00
G,55.5,133.5,85.6,2024-04-12 10:15:10
G,55.0,135.0,86.0,2024-04-12 10:15:20
G,54.5,136.5,86.4,2024-04-12 10:15:30
G,54.0,138.0,86.80000000000001,2024-04-12 10:15:40
G,53.5,139.5,87.2,2024-04-12 10:15:50
G,53.0,141.0,87.6,2024-04-12 10:16:00
G,52.5,142.5,88.0,2024-04-12 10:16:10
G,52.0,144.0,88.4,2024-04-12 10:16:20
G,51.5,145.5,88.80000000000001,2024-04-12 10:16:30
G,51.0,147.0,89.2,2024-04-12 10:16:40
G,50.5,148.5,89.6,2024-04-12 10:16:50
G,50.0,150.0,90.0,2024-04-12 10:17:00
G,49.5,151.5,90.4,2024-04-12 10:17:10
G,49.0,153.0,90.80000000000001,2024-04-12 10:17:20
G,48.5,154.5,91.2,2024-04-12 10:17:30
G,48.0,156.0,91.6,2024-04-12 10:17:40
G,47.5,157.5,92.0,2024-04-12 10:17:50
G,47.0,159.0,92.4,2024-04-12 10:18:00
G,46.5,160.5,92.80000000000001,2024-04-12 10:18:10
G,46.0,162.0,93.2,2024-04-12 10:18:20
G,45.5,163.5,93.6,2024-04-12 10:18:30
G,45.0,165.0,94.0,2024-04-12 10:18:40
G,44.5,166.5,94.4,2024-04-12 10:18:50
G,44.0,168.0,94.80000000000001,2024-04-12 10:19:00
G,43.5,169.5,95.2,2024-04-12 10:19:10
G,43.0,171.0,95.6,2024-04-12 10:19:20
G,42.5,172.5,96.0,2024-04-12 10:19:30
G,42.0,174.0,96.4,2024-04-12 10:19:40
G,41.5,175.5,96.80000000000001,2024-04-12 10:19:50
G,41.0,177.0,97.2,2024-04-12 10:20:00
G,40.5,178.5,97.6,2024-04-12 10:20:10
G,40.0,180.0,98.0,2024-04-12 10:20:20
G,39.5,181.5,98.4,2024-04-12 10:20:30
G,39.0,183.0,98.80000000000001,2024-04-12 10:20:40
G,38.5,184.5,99.2,2024-04-12 10:20:50
G,38.0,186.0,99.6,2024-04-12 10:21:00
G,37.5,187.5,100.0,2024-04-12 10:21:10
G,37.0,189.0,100.4,2024-04-12 10:21:20
G,36.5,190.5,100.80000000000001,2024-04-12 10:21:30
G,36.0,192.0,101.2,2024-04-12 10:21:40
G,35.5,193.5,101.6,2024-04-12 10:21:50
G,35.0,195.0,102.0,2024-04-12 10:22:00
G,34.5,196.5,102.4,2024-04-12 10:22:10
G,34.0,198.0,102.80000000000001,2024-04-12 10:22:20
G,33.5,199.5,103.2,2024-04-12 10:22:30
G,33.0,201.0,103.6,2024-04-12 10:22:40
G,32.5,202.5,104.0,2024-04-12 10:22:50
G,32.0,204.0,104.4,2024-04-12 10:23:00
G,31.5,205.5,104.80000000000001,2024-04-12 10:23:10
G,31.0,207.0,105.2,2024-04-12 10:23:20
G,30.5,208.5,105.6,2024-04-12 10:23:30
G,30.0,210.0,106.0,2024-04-12 10:23:40
G,29.5,211.5,106.4,2024-04-12 10:23:50
G,29.0,213.0,106.80000000000001,2024-04-12 10:24:00
G,28.5,214.5,107.2,2024-04-12 10:24:10
G,28.0,216.0,107.6,2024-04-12 10:24:20
G,27.5,217.5,108.0,2024-04-12 10:24:30
G,27.0,219.0,108.4,2024-04-12 10:24:40
G,26.5,220.5,108.80000000000001,2024-04-12 10:24:50
G,26.0,222.0,109.2,2024-04-12 10:25:00
G,25.5,223.5,109.6,2024-04-12 10:25:10
G,25.0,225.0,110.0,2024-04-12 10:25:20
G,24.5,226.5,110.4,2024-04-12 10:25:30
G,24.0,228.0,110.80000000000001,2024-04-12 10:25:40
G,23.5,229.5,111.2,2024-04-12 10:25:50
G,23.0,231.0,111.6,2024-04-12 10:26:00
G,22.5,232.5,112.0,2024-04-12 10:26:10
G,22.0,234.0,112.4,2024-04-12 10:26:20
G,21.5,235.5,112.80000000000001,2024-04-12 10:26:30
G,21.0,237.0,113.2,2024-04-12 10:26:40
G,20.5,238.5,113.6,2024-04-12 10:26:50
G,20.0,240.0,114.0,2024-04-12 10:27:00
G,19.5,241.5,114.4,2024-04-12 10:27:10
G,19.0,243.0,114.8,2024-04-12 10:27:20
G,18.5,244.5,115.2,2024-04-12 10:27:30
G,18.0,246.0,115.60000000000001,2024-04-12 10:27:40
G,17.5,247.5,116.0,2024-04-12 10:27:50
G,17.0,249.0,116.4,2024-04-12 10:28:00
G,16.5,250.5,116.8,2024-04-12 10:28:10
G,16.0,252.0,117.2,2024-04-12 10:28:20
G,15.5,253.5,117.60000000000001,2024-04-12 10:28:30
G,15.0,255.0,118.0,2024-04-12 10:28:40
G,14.5,256.5,118.4,2024-04-12 10:28:50
G,14.0,258.0,118.8,2024-04-12 10:29:00
G,13.5,259.5,119.2,2024-04-12 10:29:10
G,13.0,261.0,119.60000000000001,2024-04-12 10:29:20
G,12.5,262.5,120.0,2024-04-12 10:29:30
G,12.0,264.0,120.4,2024-04-12 10:29:40
G,11.5,265.5,120.8,2024-04-12 10:29:50
G,11.0,267.0,121.2,2024-04-12 10:30:00
G,10.5,268.5,121.60000000000001,2024-04-12 10:30:10
G,10.0,270.0,122.0,2024-04-12 10:30:20
G,9.5,271.5,122.4,2024-04-12 10:30:30
G,9.0,273.0,122.8,2024-04-12 10:30:40
G,8.5,274.5,123.2,2024-04-12 10:30:50
G,8.0,276.0,123.60000000000001,2024-04-12 10:31:00
G,7.5,277.5,124.0,2024-04-12 10:31:10
G,7.0,279.0,124.4,2024-04-12 10:31:20
G,6.5,280.5,124.8,2024-04-12 10:31:30
G,6.0,282.0,125.2,2024-04-12 10:31:40
G,5.5,283.5,125.60000000000001,2024-04-12 10:31:50
G,5.0,285.0,126.0,2024-04-12 10:32:00
G,4.5,286.5,126.4,2024-04-12 10:32:10
G,4.0,288.0,126.80000000000001,2024-04-12 10:32:20
G,3.5,289.5,127.2,2024-04-12 10:32:30
G,3.0,291.0,127.60000000000001,2024-04-12 10:32:40
G,2.5,292.5,128.0,2024-04-12 10:32:50
G,2.0,294.0,128.4,2024-04-12 10:33:00
G,1.5,295.5,128.8,2024-04-12 10:33:10
G,1.0,297.0,129.2,2024-04-12 10:33:20
G,0.5,298.5,129.60000000000002,2024-04-12 10:33:30
G,0.0,300.0,130.0,2024-04-12 10:33:40
G,-0.5,301.5,130.4,2024-04-12 10:33:50
G,-1.0,303.0,130.8,2024-04-12 10:34:00
G,-1.5,304.5,131.2,2024-04-12 10:34:10
G,-2.0,306.0,131.60000000000002,2024-04-12 10:34:20
G,-2.5,307.5,132.0,2024-04-12 10:34:30
G,-3.0,309.0,132.4,2024-04-12 10:34:40
G,-3.5,310.5,132.8,2024-04-12 10:34:50
G,-4.0,312.0,133.2,2024-04-12 10:35:00
G,-4.5,313.5,133.60000000000002,2024-04-12 10:35:10
G,-5.0,315.0,134.0,2024-04-12 10:35:20
G,-5.5,316.5,134.4,2024-04-12 10:35:30
G,-6.0,318.0,134.8,2024-04-12 10:35:40
G,-6.5,319.5,135.2,2024-04-12 10:35:50
G,-7.0,321.0,135.60000000000002,2024-04-12 10:36:00
G,-7.5,322.5,136.0,2024-04-12 10:36:10
